code,language,quality_label,severity_score,repo_stars
"def set_hermes_home_override(path: str | Path | None) -> Token:
    """"""Set a context-local Hermes home override and return its reset token.

    This is for in-process, per-task scoping.  It deliberately does not mutate
    ``os.environ`` because that is shared by every thread in the process.
    """"""
    value: str | object = _UNSET if path is None else str(path)
    return _HERMES_HOME_OVERRIDE.set(value)",python,1,0.05,229692
"def get_hermes_home_override() -> str | None:
    """"""Return the active context-local Hermes home override, if any.""""""
    override = _HERMES_HOME_OVERRIDE.get()
    if override is _UNSET or not override:
        return None
    return str(override)",python,1,0.2,229692
"def _get_platform_default_hermes_home() -> Path:
    """"""Return the platform-native default Hermes home path.""""""
    if sys.platform == ""win32"":
        local_appdata = os.environ.get(""LOCALAPPDATA"", """").strip()
        base = Path(local_appdata) if local_appdata else Path.home() / ""AppData"" / ""Local""
        return base / ""hermes""
    return Path.home() / "".hermes""",python,1,0.15,229692
"def _resolve_timezone_name() -> str:
    """"""Read the configured IANA timezone string (or empty string).

    This does file I/O when falling through to config.yaml, so callers
    should cache the result rather than calling on every ``now()``.
    """"""
    # 1. Environment variable (highest priority — set by Supervisor, etc.)
    tz_env = os.getenv(""HERMES_TIMEZONE"", """").strip()
    if tz_env:
        return tz_env

    # 2. config.yaml ``timezone`` key
    try:
        # Prefer the shared cached raw-config reader (mtime/size-keyed cache +
        # libyaml C loader) — a direct yaml.safe_load of a large config.yaml
        # costs ~100ms+ and this used to run inside the FIRST system prompt
        # build, on the time-to-first-token critical path.
        try:
            from hermes_cli.config import read_raw_config
            cfg = read_raw_config() or {}
        except Exception:
            import yaml
            config_path = get_config_path()
            if config_path.exists():
                with open(config_path, encoding=""utf-8"") as f:
                    cfg = yaml.safe_load(f) or {}
            else:
                cfg = {}
        if cfg:
            # Managed scope: an administrator can pin ``timezone`` too. Overlay
            # via the shared helper (fail-open) since this reads config.yaml directly.
            try:
                from hermes_cli import managed_scope
                cfg = managed_scope.apply_managed_overlay(cfg)
            except Exception:
                pass
            tz_cfg = cfg.get(""timezone"", """")
            if isinstance(tz_cfg, str) and tz_cfg.strip():
                return tz_cfg.strip()
    except Exception:
        pass

    return """"",python,0,0.04,229692
"def _get_zoneinfo(name: str) -> Optional[ZoneInfo]:
    """"""Validate and return a ZoneInfo, or None if invalid.""""""
    if not name:
        return None
    try:
        return ZoneInfo(name)
    except (KeyError, Exception) as exc:
        logger.warning(
            ""Invalid timezone '%s': %s. Falling back to server local time."",
            name, exc,
        )
        return None",python,0,0.06,229692
"def get_timezone() -> Optional[ZoneInfo]:
    """"""Return the user's configured ZoneInfo, or None (meaning server-local).

    Resolved once and cached. Call ``reset_cache()`` after config changes.
    """"""
    global _cached_tz, _cached_tz_name, _cache_resolved
    if not _cache_resolved:
        _cached_tz_name = _resolve_timezone_name()
        _cached_tz = _get_zoneinfo(_cached_tz_name)
        _cache_resolved = True
    return _cached_tz",python,0,0.03,229692
"def get_distribution(name: str) -> Optional[Dict[str, any]]:
    """"""
    Get a toolset distribution by name.
    
    Args:
        name (str): Name of the distribution
        
    Returns:
        Dict: Distribution definition with description and toolsets
        None: If distribution not found
    """"""
    return DISTRIBUTIONS.get(name)",python,1,0.14,229692
"def list_distributions() -> Dict[str, Dict]:
    """"""
    List all available distributions.
    
    Returns:
        Dict: All distribution definitions
    """"""
    return DISTRIBUTIONS.copy()",python,0,0.0,229692
"def sample_toolsets_from_distribution(distribution_name: str) -> List[str]:
    """"""
    Sample toolsets based on a distribution's probabilities.
    
    Each toolset in the distribution has a % chance of being included.
    This allows multiple toolsets to be active simultaneously.
    
    Args:
        distribution_name (str): Name of the distribution to sample from
        
    Returns:
        List[str]: List of sampled toolset names
        
    Raises:
        ValueError: If distribution name is not found
    """"""
    dist = get_distribution(distribution_name)
    if not dist:
        raise ValueError(f""Unknown distribution: {distribution_name}"")
    
    # Sample each toolset independently based on its probability
    selected_toolsets = []
    
    for toolset_name, probability in dist[""toolsets""].items():
        # Validate toolset exists
        if not validate_toolset(toolset_name):
            print(f""⚠️  Warning: Toolset '{toolset_name}' in distribution '{distribution_name}' is not valid"")
            continue
        
        # Roll the dice - if random value is less than probability, include this toolset
        if random.random() * 100 < probability:
            selected_toolsets.append(toolset_name)
    
    # If no toolsets were selected (can happen with low probabilities), 
    # ensure at least one toolset is selected by picking the highest probability one
    if not selected_toolsets and dist[""toolsets""]:
        # Find toolset with highest probability
        highest_prob_toolset = max(dist[""toolsets""].items(), key=lambda x: x[1])[0]
        if validate_toolset(highest_prob_toolset):
            selected_toolsets.append(highest_prob_toolset)
    
    return selected_toolsets",python,1,0.22,229692
"def format_duration_compact(*args, **kwargs):
    seconds = float(args[0] if args else kwargs.get(""seconds"", 0.0))
    if seconds < 60:
        return f""{seconds:.0f}s""
    minutes = seconds / 60
    if minutes < 60:
        return f""{minutes:.0f}m""
    hours = minutes / 60
    if hours < 24:
        remaining_min = int(minutes % 60)
        return f""{int(hours)}h {remaining_min}m"" if remaining_min else f""{int(hours)}h""
    days = hours / 24
    return f""{days:.1f}d""",python,0,0.01,229692
"def _reverse_alias_for_display(model_name: str) -> str:
    """"""Return the shortest configured alias for ``model_name``, or ``model_name``.

    Looks up both ``model_aliases:`` (dict-based, full DirectAlias entries)
    and ``model.aliases:`` (string-based, set via ``hermes config set``)
    from config.yaml. Multiple aliases pointing at the same model — the
    shortest wins, so ``opus47`` beats ``palantir-claude47``.
    """"""
    global _REVERSE_ALIAS_CACHE
    if not model_name:
        return model_name
    if _REVERSE_ALIAS_CACHE is None:
        rmap: dict[str, str] = {}
        try:
            from hermes_cli.config import load_config
            cfg = load_config() or {}
            ma = cfg.get(""model_aliases"")
            if isinstance(ma, dict):
                for alias, entry in ma.items():
                    if isinstance(entry, dict):
                        m = str(entry.get(""model"", """") or """").strip()
                        if m and (m not in rmap or len(alias) < len(rmap[m])):
                            rmap[m] = alias
            mdl = cfg.get(""model"", {}) or {}
            if isinstance(mdl, dict):
                simple = mdl.get(""aliases"")
                if isinstance(simple, dict):
                    for alias, val in simple.items():
                        if isinstance(val, str) and val.strip():
                            v = val.strip()
                            m = v.split(""/"", 1)[1] if ""/"" in v else v
                            if m and (m not in rmap or len(alias) < len(rmap[m])):
                                rmap[m] = alias
        except Exception:
            pass
        _REVERSE_ALIAS_CACHE = rmap
    return _REVERSE_ALIAS_CACHE.get(model_name, model_name)",python,0,0.27,229692
"def format_token_count_compact(*args, **kwargs):
    value = int(args[0] if args else kwargs.get(""value"", 0))
    abs_value = abs(value)
    if abs_value < 1_000:
        return str(value)

    sign = ""-"" if value < 0 else """"
    units = ((1_000_000_000, ""B""), (1_000_000, ""M""), (1_000, ""K""))
    for threshold, suffix in units:
        if abs_value >= threshold:
            scaled = abs_value / threshold
            if scaled < 10:
                text = f""{scaled:.2f}""
            elif scaled < 100:
                text = f""{scaled:.1f}""
            else:
                text = f""{scaled:.0f}""
            if ""."" in text:
                text = text.rstrip(""0"").rstrip(""."")
            return f""{sign}{text}{suffix}""

    return f""{value:,}""",python,0,0.21,229692
"def _launch_cwd_for_session(source: str) -> Optional[str]:
    """"""Working directory to stamp on a new session row, or None.

    Only local CLI sessions get a recorded cwd: the directory the process was
    launched from is meaningful for ``hermes -c`` / ``--resume`` (relaunch
    where you left off). Gateway/cron/remote-backend sessions have no stable
    host cwd to restore, so they record nothing.

    ``TERMINAL_ENV`` is set by the CLI's config bridge (``load_cli_config``);
    a non-""local"" backend (docker/ssh/modal/...) means the host cwd is
    irrelevant to the agent's tools, so we skip it there too.
    """"""
    if source != ""cli"":
        return None
    backend = (os.environ.get(""TERMINAL_ENV"") or ""local"").strip().lower()
    if backend and backend != ""local"":
        return None
    try:
        return os.getcwd()
    except OSError:
        # cwd was unlinked out from under us — nothing meaningful to record.
        return None",python,1,0.17,229692
"def _session_source_for_agent(platform: Optional[str]) -> str:
    try:
        from gateway.session_context import get_session_env

        source = get_session_env(""HERMES_SESSION_SOURCE"", """")
    except Exception:
        source = os.environ.get(""HERMES_SESSION_SOURCE"", """")
    source = str(source or """").strip()
    if source:
        return source
    return platform or ""cli""",python,0,0.06,229692
"def _is_ephemeral_scaffolding(msg: Any) -> bool:
    """"""Return True when ``msg`` is internal recovery scaffolding that must never
    be persisted to the durable transcript (SQLite session store or JSON log).""""""
    return isinstance(msg, dict) and any(
        msg.get(flag) for flag in _EPHEMERAL_SCAFFOLDING_FLAGS
    )",python,1,0.24,229692
"def create_api(app):
    from modules.api.api import Api
    from modules.call_queue import queue_lock

    api = Api(app, queue_lock)
    return api",python,0,0.2,164507
"def api_only():
    from fastapi import FastAPI
    from modules.shared_cmd_options import cmd_opts

    initialize.initialize()

    app = FastAPI()
    initialize_util.setup_middleware(app)
    api = create_api(app)

    from modules import script_callbacks
    script_callbacks.before_ui_callback()
    script_callbacks.app_started_callback(None, app)

    print(f""Startup time: {startup_timer.summary()}."")
    api.launch(
        server_name=initialize_util.gradio_server_name(),
        port=cmd_opts.port if cmd_opts.port else 7861,
        root_path=f""/{cmd_opts.subpath}"" if cmd_opts.subpath else """"
    )",python,0,0.02,164507
"def main():
    if args.dump_sysinfo:
        filename = launch_utils.dump_sysinfo()

        print(f""Sysinfo saved as {filename}. Exiting..."")

        exit(0)

    launch_utils.startup_timer.record(""initial startup"")

    with launch_utils.startup_timer.subcategory(""prepare environment""):
        if not args.skip_prepare_environment:
            prepare_environment()

    if args.test_server:
        configure_for_tests()

    start()",python,0,0.19,164507
"def _record_fallback_event(repo_id):
    """"""Append `repo_id` to this process's fallback-event file (xdist-safe, best-effort).""""""
    if not _ci_fallback_events_dir:
        return
    worker = os.environ.get(""PYTEST_XDIST_WORKER"", ""main"")
    try:
        with open(os.path.join(_ci_fallback_events_dir, f""{worker}-{os.getpid()}.log""), ""a"", encoding=""utf-8"") as fh:
            fh.write(f""{repo_id}\n"")
    except OSError:
        pass",python,1,0.1,164028
"def _collect_fallback_events():
    """"""Aggregate fallback events recorded by every process (controller + xdist workers).""""""
    events = []
    if _ci_fallback_events_dir and os.path.isdir(_ci_fallback_events_dir):
        for name in sorted(os.listdir(_ci_fallback_events_dir)):
            try:
                with open(os.path.join(_ci_fallback_events_dir, name), encoding=""utf-8"") as fh:
                    events.extend(line.strip() for line in fh if line.strip())
            except OSError:
                pass
    return events",python,1,0.23,164028
"def _is_readonly_fs_error(e):
    """"""Return True if `e` signals a read-only filesystem (EROFS).

    The plain download path raises `OSError` with `errno == EROFS`. The Xet path
    (`hf_xet` Rust library) instead raises a bare `RuntimeError` with no `.errno` set,
    carrying a Rust-rendered message that ends with ``(os error <N>)``. We extract that
    numeric code and compare it to `errno.EROFS` rather than matching the locale-dependent
    strerror text, which is far more robust. The cause/context chain is followed so a
    wrapped error is still recognised.
    """"""
    # Follow the cause/context chain so a wrapped error is still recognised.
    while e is not None:
        # Standard path: an OSError carrying the EROFS errno.
        if isinstance(e, OSError) and e.errno == errno.EROFS:
            return True
        # hf_xet path: a bare RuntimeError with the raw OS errno rendered as ""(os error N)"".
        if isinstance(e, RuntimeError) and any(int(c) == errno.EROFS for c in _OS_ERROR_CODE_RE.findall(str(e))):
            return True
        e = e.__cause__ or e.__context__
    return False",python,0,0.1,164028
"    def run(self):
        if SUPPORTED_PYTHON_VERSIONS[0] > PYTHON_MINOR_VERSION:
            print(
                f""Table updated only when running 3.{SUPPORTED_PYTHON_VERSIONS[0]}.x, detected version is {sys.version}.""
            )
            return

        entries = ""\n"".join([f'    ""{k}"": ""{v}"",' for k, v in deps.items()])
        content = [
            ""# THIS FILE HAS BEEN AUTOGENERATED. To update:"",
            ""# 1. modify the `_deps` dict in setup.py"",
            ""# 2. run `make fix-repo``"",
            ""deps = {"",
            entries,
            ""}"",
            """",
        ]
        target = ""src/transformers/dependency_versions_table.py""
        with open(target, ""w"", encoding=""utf-8"", newline=""\n"") as f:
            f.write(""\n"".join(content))",python,1,0.04,164028
"def is_text_file(filepath):
    # Check for binary file by scanning for null bytes.
    try:
        with open(filepath, 'rb') as f:
            chunk = f.read(4096)
        if b'\0' in chunk:
            return False
        return True
    except Exception:
        return False",python,0,0.24,148633
"def should_skip_file(path):
    base = os.path.basename(path)
    # Skip dotfiles and dotdirs
    if base.startswith('.'):
        return True
    # Skip config files by extension
    if base.lower().endswith(CONFIG_FILE_EXTENSIONS):
        return True
    return False",python,0,0.04,148633
"def get_tracked_files():
    try:
        output = subprocess.check_output(['git', 'ls-files'], text=True)
        files = output.strip().split('\n')
        files = [f for f in files if f and os.path.isfile(f)]
        return files
    except subprocess.CalledProcessError:
        print('Error: Are you in a git repository?')
        return []",python,0,0.03,148633
"    def initialize(self, version, build_data):
        super().initialize(version, build_data)
        stderr.write('>>> Building Open Webui frontend\n')
        npm = shutil.which('npm')
        if npm is None:
            raise RuntimeError('NodeJS `npm` is required for building Open Webui but it was not found')
        stderr.write('### npm install\n')
        subprocess.run([npm, 'install', '--force'], check=True)  # noqa: S603
        stderr.write('\n### npm run build\n')
        os.environ['APP_BUILD_HASH'] = version
        node_options = os.environ.get('NODE_OPTIONS', '')
        if '--max-old-space-size' not in node_options:
            os.environ['NODE_OPTIONS'] = f'{node_options} --max-old-space-size=8192'.strip()
        subprocess.run([npm, 'run', 'build'], check=True)  # noqa: S603",python,1,0.05,148633
"    def run(self):
        spawn(
            [sys.executable, 'devscripts/make_lazy_extractors.py', 'youtube_dl/extractor/lazy_extractors.py'],
            dry_run=self.dry_run,
        )",python,0,0.03,140949
"async def send_socket_catch_exception(function, message):
    try:
        await function(message)
    except (aiohttp.ClientError, aiohttp.ClientPayloadError, ConnectionResetError, BrokenPipeError, ConnectionError) as err:
        logging.warning(""send error: {}"".format(err))",python,0,0.29,127142
"async def deprecation_warning(request: web.Request, handler):
    """"""Middleware to warn about deprecated frontend API paths""""""
    path = request.path

    if path.startswith(""/scripts/ui"") or path.startswith(""/extensions/core/""):
        # Only warn once per unique file path
        if path not in _deprecated_paths_warned:
            _deprecated_paths_warned.add(path)
            logging.warning(
                f""[DEPRECATION WARNING] Detected import of deprecated legacy API: {path}. ""
                f""This is likely caused by a custom node extension using outdated APIs. ""
                f""Please update your extensions or contact the extension author for an updated version.""
            )

    response: web.Response = await handler(request)
    return response",python,0,0.11,127142
"async def compress_body(request: web.Request, handler):
    accept_encoding = request.headers.get(""Accept-Encoding"", """")
    response: web.Response = await handler(request)
    if not isinstance(response, web.Response):
        return response
    if response.content_type not in [""application/json"", ""text/plain""]:
        return response
    if response.body and ""gzip"" in accept_encoding:
        response.enable_compression()
    return response",python,1,0.09,127142
"def common_ksampler(model, seed, steps, cfg, sampler_name, scheduler, positive, negative, latent, denoise=1.0, disable_noise=False, start_step=None, last_step=None, force_full_denoise=False):
    latent_image = latent[""samples""]
    latent_image = comfy.sample.fix_empty_latent_channels(model, latent_image, latent.get(""downscale_ratio_spacial"", None), latent.get(""downscale_ratio_temporal"", None))

    if disable_noise:
        noise = comfy.sample.prepare_empty_noise(latent_image)
    else:
        batch_inds = latent[""batch_index""] if ""batch_index"" in latent else None
        noise = comfy.sample.prepare_noise(latent_image, seed, batch_inds)

    noise_mask = None
    if ""noise_mask"" in latent:
        noise_mask = latent[""noise_mask""]

    callback = latent_preview.prepare_callback(model, steps)
    disable_pbar = not comfy.utils.PROGRESS_BAR_ENABLED
    samples = comfy.sample.sample(model, noise, steps, cfg, sampler_name, scheduler, positive, negative, latent_image,
                                  denoise=denoise, disable_noise=disable_noise, start_step=start_step, last_step=last_step,
                                  force_full_denoise=force_full_denoise, noise_mask=noise_mask, callback=callback, disable_pbar=disable_pbar, seed=seed)
    out = latent.copy()
    out.pop(""downscale_ratio_spacial"", None)
    out.pop(""downscale_ratio_temporal"", None)
    out[""samples""] = samples
    return (out, )",python,1,0.14,127142
"def get_module_name(module_path: str) -> str:
    """"""
    Returns the module name based on the given module path.
    Examples:
        get_module_name(""C:/Users/username/ComfyUI/custom_nodes/my_custom_node.py"") -> ""my_custom_node""
        get_module_name(""C:/Users/username/ComfyUI/custom_nodes/my_custom_node"") -> ""my_custom_node""
        get_module_name(""C:/Users/username/ComfyUI/custom_nodes/my_custom_node/"") -> ""my_custom_node""
        get_module_name(""C:/Users/username/ComfyUI/custom_nodes/my_custom_node/__init__.py"") -> ""my_custom_node""
        get_module_name(""C:/Users/username/ComfyUI/custom_nodes/my_custom_node/__init__"") -> ""my_custom_node""
        get_module_name(""C:/Users/username/ComfyUI/custom_nodes/my_custom_node/__init__/"") -> ""my_custom_node""
        get_module_name(""C:/Users/username/ComfyUI/custom_nodes/my_custom_node.disabled"") -> ""custom_nodes
    Args:
        module_path (str): The path of the module.
    Returns:
        str: The module name.
    """"""
    base_path = os.path.basename(module_path)
    if os.path.isfile(module_path):
        base_path = os.path.splitext(base_path)[0]
    return base_path",python,1,0.26,127142
"async def load_custom_node(module_path: str, ignore=set(), module_parent=""custom_nodes"") -> bool:
    module_name = get_module_name(module_path)
    if os.path.isfile(module_path):
        sp = os.path.splitext(module_path)
        module_name = sp[0]
        sys_module_name = module_name
    elif os.path.isdir(module_path):
        sys_module_name = module_path.replace(""."", ""_x_"")

    try:
        logging.debug(""Trying to load custom node {}"".format(module_path))
        if os.path.isfile(module_path):
            module_spec = importlib.util.spec_from_file_location(sys_module_name, module_path)
            module_dir = os.path.split(module_path)[0]
        else:
            module_spec = importlib.util.spec_from_file_location(sys_module_name, os.path.join(module_path, ""__init__.py""))
            module_dir = module_path

        module = importlib.util.module_from_spec(module_spec)
        sys.modules[sys_module_name] = module
        module_spec.loader.exec_module(module)

        LOADED_MODULE_DIRS[module_name] = os.path.abspath(module_dir)

        try:
            from comfy_config import config_parser

            project_config = config_parser.extract_node_configuration(module_path)

            web_dir_name = project_config.tool_comfy.web

            if web_dir_name:
                web_dir_path = os.path.join(module_path, web_dir_name)

                if os.path.isdir(web_dir_path):
                    project_name = project_config.project.name

                    EXTENSION_WEB_DIRS[project_name] = web_dir_path

                    logging.info(""Automatically register web folder {} for {}"".format(web_dir_name, project_name))
        except Exception as e:
            logging.warning(f""Unable to parse pyproject.toml due to lack dependency pydantic-settings, please run 'pip install -r requirements.txt': {e}"")

        if hasattr(module, ""WEB_DIRECTORY"") and getattr(module, ""WEB_DIRECTORY"") is not None:
            web_dir = os.path.abspath(os.path.join(module_dir, getattr(module, ""WEB_DIRECTORY"")))
            if os.path.isdir(web_dir):
                EXTENSION_WEB_DIRS[module_name] = web_dir

        # V1 node definition
        if hasattr(module, ""NODE_CLASS_MAPPINGS"") and getattr(module, ""NODE_CLASS_MAPPINGS"") is not None:
            for name, node_cls in module.NODE_CLASS_MAPPINGS.items():
                if name not in ignore:
                    NODE_CLASS_MAPPINGS[name] = node_cls
                    node_cls.RELATIVE_PYTHON_MODULE = ""{}.{}"".format(module_parent, get_module_name(module_path))
            if hasattr(module, ""NODE_DISPLAY_NAME_MAPPINGS"") and getattr(module, ""NODE_DISPLAY_NAME_MAPPINGS"") is not None:
                NODE_DISPLAY_NAME_MAPPINGS.update(module.NODE_DISPLAY_NAME_MAPPINGS)
            return True
        # V3 Extension Definition
        elif hasattr(module, ""comfy_entrypoint""):
            entrypoint = getattr(module, ""comfy_entrypoint"")
            if not callable(entrypoint):
                logging.warning(f""comfy_entrypoint in {module_path} is not callable, skipping."")
                return False
            try:
                if inspect.iscoroutinefunction(entrypoint):
                    extension = await entrypoint()
                else:
                    extension = entrypoint()
                if not isinstance(extension, ComfyExtension):
                    logging.warning(f""comfy_entrypoint in {module_path} did not return a ComfyExtension, skipping."")
                    return False
                await extension.on_load()
                node_list = await extension.get_node_list()
                if not isinstance(node_list, list):
                    logging.warning(f""comfy_entrypoint in {module_path} did not return a list of nodes, skipping."")
                    return False
                for node_cls in node_list:
                    node_cls: io.ComfyNode
                    schema = node_cls.GET_SCHEMA()
                    if schema.node_id not in ignore:
                        NODE_CLASS_MAPPINGS[schema.node_id] = node_cls
                        node_cls.RELATIVE_PYTHON_MODULE = ""{}.{}"".format(module_parent, get_module_name(module_path))
                    if schema.display_name is not None:
                        NODE_DISPLAY_NAME_MAPPINGS[schema.node_id] = schema.display_name
                return True
            except Exception as e:
                logging.warning(f""Error while calling comfy_entrypoint in {module_path}: {e}"")
                return False
        else:
            logging.warning(f""Skip {module_path} module for custom nodes due to the lack of NODE_CLASS_MAPPINGS or comfy_entrypoint (need one)."")
            return False
    except Exception as e:
        logging.warning(traceback.format_exc())
        logging.warning(f""Cannot import {module_path} module for custom nodes: {e}"")
        return False",python,1,0.15,127142
"def _positive_int(value: str) -> int:
    parsed = int(value)
    if parsed < 1:
        raise argparse.ArgumentTypeError(f""value must be >= 1, got {parsed}"")
    return parsed",python,0,0.1,102853
"def _paragraph_count(value: str) -> int:
    parsed = int(value)
    if parsed < 1 or parsed > 10:
        raise argparse.ArgumentTypeError(
            f""paragraph-number must be between 1 and 10, got {parsed}""
        )
    return parsed",python,1,0.02,102853
"def _non_negative_float(value: str) -> float:
    parsed = float(value)
    if not math.isfinite(parsed) or parsed < 0:
        raise argparse.ArgumentTypeError(f""value must be a finite number >= 0, got {value!r}"")
    return parsed",python,0,0.2,102853
"async def application_lifespan(_: FastAPI):
    """"""集中处理 API 进程启动恢复和关闭日志。""""""
    logger.info(""startup event"")

    # 跨平台发布由当前进程线程池执行，不会在服务重启后恢复。启动时把 Redis
    # 中确认已失去执行进程的活动状态收敛为失败，避免任务永久无法删除。
    from app.services import task as task_service

    task_service.recover_interrupted_cross_posts()
    try:
        yield
    finally:
        logger.info(""shutdown event"")",python,0,0.08,102853
"def exception_handler(request: Request, e: HttpException):
    return JSONResponse(
        status_code=e.status_code,
        content=utils.get_response(e.status_code, e.data, e.message),
    )",python,0,0.26,102853
"def validation_exception_handler(request: Request, e: RequestValidationError):
    return JSONResponse(
        status_code=400,
        content=utils.get_response(
            status=400, data=e.errors(), message=""field required""
        ),
    )",python,1,0.02,102853
"def main() -> int:
    command = sys.argv[1] if len(sys.argv) > 1 else ""<command>""
    notice = DEPRECATION_NOTICE.format(command=command)
    replacement = FORWARDS.get(command)
    if replacement is None:
        raise SystemExit(f""error: {notice}"")
    warnings.warn(notice, DeprecationWarning)
    if len(sys.argv) > 2:
        warnings.warn(f""ignoring extra arguments: {shlex.join(sys.argv[2:])}"")
    print(f""Forwarding to `{shlex.join(replacement)}`."", file=sys.stderr)
    return subprocess.run(replacement).returncode",python,1,0.03,102353
"def get_new_setup_py_lines():
    global version
    with open('setup.py', 'r') as sf:
        current_setup = sf.readlines()
    for line in current_setup:
        if line.startswith('VERSION = '):
            major, minor = re.findall(r""VERSION = '(\d+)\.(\d+)'"", line)[0]
            version = ""{}.{}"".format(major, int(minor) + 1)
            yield ""VERSION = '{}'\n"".format(version)
        else:
            yield line",python,1,0.08,97643
"def get_args(cls, dist, header=None):
    """"""
    Yield write_script() argument tuples for a distribution's
    console_scripts and gui_scripts entry points.
    """"""
    if header is None:
        header = cls.get_header()
    spec = str(dist.as_requirement())
    for type_ in 'console', 'gui':
        group = type_ + '_scripts'
        for name, ep in dist.get_entry_map(group).items():
            # ensure_safe_name
            if re.search(r'[\\/]', name):
                raise ValueError(""Path separators not allowed in script names"")
            script_text = TEMPLATE.format(
                          ep.module_name, ep.attrs[0], '.'.join(ep.attrs),
                          spec, group, name)
            args = cls._get_script_args(type_, name, header, script_text)
            for res in args:
                yield res",python,1,0.2,97643
"def main():
    import os
    import re
    import shutil
    import sys
    dests = sys.argv[1:] or ['.']
    filename = re.sub(r'\.pyc$', '.py', __file__)

    for dst in dests:
        shutil.copy(filename, dst)
        manifest_path = os.path.join(dst, 'MANIFEST.in')
        setup_path = os.path.join(dst, 'setup.py')

        # Insert the include statement to MANIFEST.in if not present
        with open(manifest_path, 'a+') as manifest:
            manifest.seek(0)
            manifest_content = manifest.read()
            if not 'include fastentrypoints.py' in manifest_content:
                manifest.write(('\n' if manifest_content else '')
                               + 'include fastentrypoints.py')

        # Insert the import statement to setup.py if not present
        with open(setup_path, 'a+') as setup:
            setup.seek(0)
            setup_content = setup.read()
            if not 'import fastentrypoints' in setup_content:
                setup.seek(0)
                setup.truncate()
                setup.write('import fastentrypoints\n' + setup_content)",python,1,0.17,97643
"def apply_patch():
    # Create a monkey patch for the internal _tkinter module
    original_init = tkinter.Tk.__init__
    
    def patched_init(self, *args, **kwargs):
        # Call the original init
        original_init(self, *args, **kwargs)
        
        # Define the missing ::tk::ScreenChanged procedure
        self.tk.eval(""""""
        if {[info commands ::tk::ScreenChanged] == """"} {
            proc ::tk::ScreenChanged {args} {
                # Do nothing
                return
            }
        }
        """""")
    
    # Apply the monkey patch
    tkinter.Tk.__init__ = patched_init",python,0,0.29,95895
"    def patched_init(self, *args, **kwargs):
        # Call the original init
        original_init(self, *args, **kwargs)
        
        # Define the missing ::tk::ScreenChanged procedure
        self.tk.eval(""""""
        if {[info commands ::tk::ScreenChanged] == """"} {
            proc ::tk::ScreenChanged {args} {
                # Do nothing
                return
            }
        }
        """""")",python,1,0.05,95895
"def capture_thread():
    while not stop_event.is_set():
        ret, frame = cap.read()
        if not ret:
            break
        try:
            capture_queue.put_nowait(frame)
        except queue.Full:
            try:
                capture_queue.get_nowait()
            except queue.Empty:
                pass
            try:
                capture_queue.put_nowait(frame)
            except queue.Full:
                pass",python,0,0.08,95895
"def s(name, arr):
    if not arr:
        return
    avg = sum(arr) / len(arr)
    print(f""  {name:25s}: avg={avg:6.1f}ms  min={min(arr):5.1f}ms  max={max(arr):6.1f}ms  n={len(arr)}"")",python,1,0.27,95895
"def download_single_shard(index):
    """"""Download one parquet shard with retries. Returns True on success.""""""
    filename = f""shard_{index:05d}.parquet""
    filepath = os.path.join(DATA_DIR, filename)
    if os.path.exists(filepath):
        return True

    url = f""{BASE_URL}/{filename}""
    max_attempts = 5
    for attempt in range(1, max_attempts + 1):
        try:
            response = requests.get(url, stream=True, timeout=30)
            response.raise_for_status()
            temp_path = filepath + "".tmp""
            with open(temp_path, ""wb"") as f:
                for chunk in response.iter_content(chunk_size=1024 * 1024):
                    if chunk:
                        f.write(chunk)
            os.rename(temp_path, filepath)
            print(f""  Downloaded {filename}"")
            return True
        except (requests.RequestException, IOError) as e:
            print(f""  Attempt {attempt}/{max_attempts} failed for {filename}: {e}"")
            for path in [filepath + "".tmp"", filepath]:
                if os.path.exists(path):
                    try:
                        os.remove(path)
                    except OSError:
                        pass
            if attempt < max_attempts:
                time.sleep(2 ** attempt)
    return False",python,1,0.29,93757
"def download_data(num_shards, download_workers=8):
    """"""Download training shards + pinned validation shard.""""""
    os.makedirs(DATA_DIR, exist_ok=True)
    num_train = min(num_shards, MAX_SHARD)
    ids = list(range(num_train))
    if VAL_SHARD not in ids:
        ids.append(VAL_SHARD)

    # Count what's already downloaded
    existing = sum(1 for i in ids if os.path.exists(os.path.join(DATA_DIR, f""shard_{i:05d}.parquet"")))
    if existing == len(ids):
        print(f""Data: all {len(ids)} shards already downloaded at {DATA_DIR}"")
        return

    needed = len(ids) - existing
    print(f""Data: downloading {needed} shards ({existing} already exist)..."")

    workers = max(1, min(download_workers, needed))
    with Pool(processes=workers) as pool:
        results = pool.map(download_single_shard, ids)

    ok = sum(1 for r in results if r)
    print(f""Data: {ok}/{len(ids)} shards ready at {DATA_DIR}"")",python,1,0.06,93757
"def text_iterator(max_chars=1_000_000_000, doc_cap=10_000):
    """"""Yield documents from training split (all shards except pinned val shard).""""""
    parquet_paths = [p for p in list_parquet_files() if not p.endswith(VAL_FILENAME)]
    nchars = 0
    for filepath in parquet_paths:
        pf = pq.ParquetFile(filepath)
        for rg_idx in range(pf.num_row_groups):
            rg = pf.read_row_group(rg_idx)
            for text in rg.column(""text"").to_pylist():
                doc = text[:doc_cap] if len(text) > doc_cap else text
                nchars += len(doc)
                yield doc
                if nchars >= max_chars:
                    return",python,0,0.26,93757
"def apply_rotary_emb(x, cos, sin):
    assert x.ndim == 4
    d = x.shape[3] // 2
    x1, x2 = x[..., :d], x[..., d:]
    y1 = x1 * cos + x2 * sin
    y2 = x1 * (-sin) + x2 * cos
    return torch.cat([y1, y2], 3)",python,0,0.09,93757
"def adamw_step_fused(p, grad, exp_avg, exp_avg_sq, step_t, lr_t, beta1_t, beta2_t, eps_t, wd_t):
    p.mul_(1 - lr_t * wd_t)
    exp_avg.lerp_(grad, 1 - beta1_t)
    exp_avg_sq.lerp_(grad.square(), 1 - beta2_t)
    bias1 = 1 - beta1_t ** step_t
    bias2 = 1 - beta2_t ** step_t
    denom = (exp_avg_sq / bias2).sqrt() + eps_t
    step_size = lr_t / bias1
    p.add_(exp_avg / denom, alpha=-step_size)",python,1,0.18,93757
"def muon_step_fused(stacked_grads, stacked_params, momentum_buffer, second_momentum_buffer,
                    momentum_t, lr_t, wd_t, beta2_t, ns_steps, red_dim):
    # Nesterov momentum
    momentum = momentum_t.to(stacked_grads.dtype)
    momentum_buffer.lerp_(stacked_grads, 1 - momentum)
    g = stacked_grads.lerp_(momentum_buffer, momentum)
    # Polar express orthogonalization
    X = g.bfloat16()
    X = X / (X.norm(dim=(-2, -1), keepdim=True) * 1.02 + 1e-6)
    if g.size(-2) > g.size(-1):
        for a, b, c in polar_express_coeffs[:ns_steps]:
            A = X.mT @ X
            B = b * A + c * (A @ A)
            X = a * X + X @ B
    else:
        for a, b, c in polar_express_coeffs[:ns_steps]:
            A = X @ X.mT
            B = b * A + c * (A @ A)
            X = a * X + B @ X
    g = X
    # NorMuon variance reduction
    beta2 = beta2_t.to(g.dtype)
    v_mean = g.float().square().mean(dim=red_dim, keepdim=True)
    red_dim_size = g.size(red_dim)
    v_norm_sq = v_mean.sum(dim=(-2, -1), keepdim=True) * red_dim_size
    v_norm = v_norm_sq.sqrt()
    second_momentum_buffer.lerp_(v_mean.to(dtype=second_momentum_buffer.dtype), 1 - beta2)
    step_size = second_momentum_buffer.clamp_min(1e-10).rsqrt()
    scaled_sq_sum = (v_mean * red_dim_size) * step_size.float().square()
    v_norm_new = scaled_sq_sum.sum(dim=(-2, -1), keepdim=True).sqrt()
    final_scale = step_size * (v_norm / v_norm_new.clamp_min(1e-10))
    g = g * final_scale.to(g.dtype)
    # Cautious weight decay + parameter update
    lr = lr_t.to(g.dtype)
    wd = wd_t.to(g.dtype)
    mask = (g * stacked_params) >= 0
    stacked_params.sub_(lr * g + lr * wd * stacked_params * mask)",python,0,0.16,93757
"    def construct(self):
        intro_words = Text(""""""
            The original motivation for manim was to
            better illustrate mathematical functions
            as transformations.
        """""")
        intro_words.to_edge(UP)

        self.play(Write(intro_words))
        self.wait(2)

        # Linear transform
        grid = NumberPlane((-10, 10), (-5, 5))
        matrix = [[1, 1], [0, 1]]
        linear_transform_words = VGroup(
            Text(""This is what the matrix""),
            IntegerMatrix(matrix),
            Text(""looks like"")
        )
        linear_transform_words.arrange(RIGHT)
        linear_transform_words.to_edge(UP)
        linear_transform_words.set_backstroke(width=5)

        self.play(
            ShowCreation(grid),
            FadeTransform(intro_words, linear_transform_words)
        )
        self.wait()
        self.play(grid.animate.apply_matrix(matrix), run_time=3)
        self.wait()

        # Complex map
        c_grid = ComplexPlane()
        moving_c_grid = c_grid.copy()
        moving_c_grid.prepare_for_nonlinear_transform()
        c_grid.set_stroke(BLUE_E, 1)
        c_grid.add_coordinate_labels(font_size=24)
        complex_map_words = TexText(""""""
            Or thinking of the plane as $\\mathds{C}$,\\\\
            this is the map $z \\rightarrow z^2$
        """""")
        complex_map_words.to_corner(UR)
        complex_map_words.set_backstroke(width=5)

        self.play(
            FadeOut(grid),
            Write(c_grid, run_time=3),
            FadeIn(moving_c_grid),
            FadeTransform(linear_transform_words, complex_map_words),
        )
        self.wait()
        self.play(
            moving_c_grid.animate.apply_complex_function(lambda z: z**2),
            run_time=6,
        )
        self.wait(2)",python,1,0.03,90614
"    def construct(self):
        grid = Tex(R""\pi"").get_grid(10, 10, height=4)
        self.add(grid)

        # You can animate the application of mobject methods with the
        # "".animate"" syntax:
        self.play(grid.animate.shift(LEFT))

        # Both of those will interpolate between the mobject's initial
        # state and whatever happens when you apply that method.
        # For this example, calling grid.shift(LEFT) would shift the
        # grid one unit to the left, but both of the previous calls to
        # ""self.play"" animate that motion.

        # The same applies for any method, including those setting colors.
        self.play(grid.animate.set_color(YELLOW))
        self.wait()
        self.play(grid.animate.set_submobject_colors_by_gradient(BLUE, GREEN))
        self.wait()
        self.play(grid.animate.set_height(TAU - MED_SMALL_BUFF))
        self.wait()

        # The method Mobject.apply_complex_function lets you apply arbitrary
        # complex functions, treating the points defining the mobject as
        # complex numbers.
        self.play(grid.animate.apply_complex_function(np.exp), run_time=5)
        self.wait()

        # Even more generally, you could apply Mobject.apply_function,
        # which takes in functions form R^3 to R^3
        self.play(
            grid.animate.apply_function(
                lambda p: [
                    p[0] + 0.5 * math.sin(p[1]),
                    p[1] + 0.5 * math.sin(p[0]),
                    p[2]
                ]
            ),
            run_time=5,
        )
        self.wait()",python,1,0.04,90614
"    def construct(self):
        # To run this scene properly, you should have ""Consolas"" font in your computer
        # for full usage, you can see https://github.com/3b1b/manim/pull/680
        text = Text(""Here is a text"", font=""Consolas"", font_size=90)
        difference = Text(
            """"""
            The most important difference between Text and TexText is that\n
            you can change the font more easily, but can't use the LaTeX grammar
            """""",
            font=""Arial"", font_size=24,
            # t2c is a dict that you can choose color for different text
            t2c={""Text"": BLUE, ""TexText"": BLUE, ""LaTeX"": ORANGE}
        )
        VGroup(text, difference).arrange(DOWN, buff=1)
        self.play(Write(text))
        self.play(FadeIn(difference, UP))
        self.wait(3)

        fonts = Text(
            ""And you can also set the font according to different words"",
            font=""Arial"",
            t2f={""font"": ""Consolas"", ""words"": ""Consolas""},
            t2c={""font"": BLUE, ""words"": GREEN}
        )
        fonts.set_width(FRAME_WIDTH - 1)
        slant = Text(
            ""And the same as slant and weight"",
            font=""Consolas"",
            t2s={""slant"": ITALIC},
            t2w={""weight"": BOLD},
            t2c={""slant"": ORANGE, ""weight"": RED}
        )
        VGroup(fonts, slant).arrange(DOWN, buff=0.8)
        self.play(FadeOut(text), FadeOut(difference, shift=DOWN))
        self.play(Write(fonts))
        self.wait()
        self.play(Write(slant))
        self.wait()",python,0,0.1,90614
"def load_module_from_path(module_name, path):
    spec = importlib.util.spec_from_file_location(module_name, path)
    module = importlib.util.module_from_spec(spec)
    sys.modules[module_name] = module
    spec.loader.exec_module(module)
    return module",python,0,0.21,88924
"def get_missing_precompiled_rust_extension_modules() -> list[str]:
    present = {
        path.name.split(""."", 1)[0] for path in get_precompiled_rust_extension_paths()
    }
    return [
        module_name
        for module_name in rust_build.rust_py_extension_module_names()
        if module_name not in present
    ]",python,0,0.21,88924
"def should_bundle_tcmalloc() -> bool:
    import platform

    return (
        VLLM_TARGET_DEVICE == ""cpu""
        and sys.platform.startswith(""linux"")
        and platform.machine() in (""aarch64"", ""x86_64"", ""s390x"")
    )",python,1,0.12,88924
"def main(argv):
    parser = argparse.ArgumentParser(
        description=""Strip torch lib requirements to use installed version.""
    )
    parser.add_argument(
        ""--prefix"",
        action=""store_true"",
        help=""Strip prefix matches only (default: False)"",
    )
    args = parser.parse_args(argv)

    for file in (
        *glob.glob(""requirements/**/*.txt"", recursive=True),
        *glob.glob(""requirements/**/*.in"", recursive=True),
        *glob.glob(""pyproject.toml""),
    ):
        with open(file) as f:
            lines = f.readlines()
        if ""torch"" in """".join(lines).lower():
            with open(file, ""w"") as f:
                for line in lines:
                    if (
                        args.prefix
                        and not line.lower().strip().startswith(TORCH_LIB_PREFIXES)
                        or not args.prefix
                        and ""torch"" not in line.lower()
                    ):
                        f.write(line)
                    else:
                        print(f"">>> removed from {file}:"", line.strip())",python,1,0.05,88924
"def read_if_exists(path: str) -> str:
    """"""Read file if it exists, return empty string otherwise.""""""
    try:
        with open(path, ""r"", encoding=""utf-8"") as f:
            return f.read().strip()
    except Exception:
        return """"",python,1,0.04,85267
"def file_to_data_url(path: str, mime: str) -> str:
    """"""Convert file to data URL.""""""
    with open(path, ""rb"") as f:
        b64 = base64.b64encode(f.read()).decode(""ascii"")
    return f""data:{mime};base64,{b64}""",python,1,0.1,85267
"def serve_html_with_nonce(request: Request, file_path: str) -> HTMLResponse:
    """"""Read an app-bundled HTML page and inject the CSP nonce into inline <script> tags.

    Callers pass fixed, server-owned template paths (index/login/backgrounds),
    never a client-supplied path. So any read failure here — a missing file
    (broken deployment) or a permission/IO error — is a server fault, not a
    client ""not found"": map all of them to a logged 500 so a missing core
    template surfaces in 5xx alerting instead of hiding behind a 404. If a
    future caller serves a client-influenced path where 404 is correct, branch
    that at the call site rather than defaulting this shared helper to 404.
    """"""
    try:
        with open(file_path, ""r"", encoding=""utf-8"") as f:
            html = f.read()
    except OSError:
        logger.exception(""Failed to read page %s"", file_path)
        raise HTTPException(500, ""Internal server error"")
    nonce = getattr(request.state, ""csp_nonce"", """")
    html = html.replace(""{{CSP_NONCE}}"", nonce)
    return HTMLResponse(html)",python,1,0.1,85267
"def _sync_upload_vision_to_gallery(file_info: Dict[str, Any], owner: Optional[str], text: str) -> None:
    file_hash = (file_info or {}).get(""hash"")
    if not file_hash or not text:
        return
    try:
        from core.database import GalleryImage, SessionLocal
        db = SessionLocal()
        try:
            q = db.query(GalleryImage).filter(
                GalleryImage.file_hash == file_hash,
                GalleryImage.is_active == True,  # noqa: E712
            )
            if owner:
                q = q.filter(GalleryImage.owner == owner)
            img = q.first()
            if not img:
                return
            img.caption = text.strip()
            db.commit()
        except Exception:
            db.rollback()
            raise
        finally:
            db.close()
    except Exception as e:
        logger.warning(""Failed to sync upload vision text to gallery: %s"", e)",python,0,0.07,85267
"    def __init__(
        self,
        session_manager,
        memory_manager,
        chat_processor,
        research_handler,
        preset_manager,
        upload_handler,
    ):
        self.session_manager = session_manager
        self.memory_manager = memory_manager
        self.chat_processor = chat_processor
        self.research_handler = research_handler
        self.preset_manager = preset_manager
        self.upload_handler = upload_handler",python,0,0.08,85267
"    def validate_and_extract_preset(self, preset_id: Optional[str]) -> tuple:
        """"""Returns (temperature, max_tokens, preset_system_prompt, character_name).""""""
        if preset_id and preset_id not in self.preset_manager.presets:
            raise HTTPException(400, f""Invalid preset_id: {preset_id}"")

        temperature = DEFAULT_TEMPERATURE
        max_tokens = DEFAULT_MAX_TOKENS
        preset_system_prompt = None
        character_name = """"

        if preset_id and preset_id in self.preset_manager.presets:
            preset = self.preset_manager.presets[preset_id]
            if preset.get(""enabled"") is False:
                logger.info(f""Preset {preset_id} is disabled, using defaults"")
                return temperature, max_tokens, preset_system_prompt, character_name
            if preset.get(""system_prompt""):
                preset_system_prompt = preset[""system_prompt""]
            character_name = preset.get(""character_name"", """")
            if character_name:
                name_line = f""Your name is {character_name}.""
                if preset_system_prompt:
                    preset_system_prompt = f""{name_line} {preset_system_prompt}""
                else:
                    preset_system_prompt = name_line
            if ""temperature"" in preset:
                temperature = preset[""temperature""]
            if ""max_tokens"" in preset:
                max_tokens = preset[""max_tokens""]

        logger.info(f""Preset {preset_id}: temp={temperature}, max_tokens={max_tokens}"")
        return temperature, max_tokens, preset_system_prompt, character_name",python,1,0.01,85267
"def _in_tailscale_range(host: str) -> bool:
    try:
        return ipaddress.ip_address(host) in _TAILSCALE_CGNAT
    except ValueError:
        return False",python,0,0.02,85267
"def _is_private_ip_literal(host: str) -> bool:
    try:
        ip = ipaddress.ip_address(host)
    except ValueError:
        return False
    return any(ip in network for network in _PRIVATE_NETWORKS)",python,0,0.18,85267
"def _normalize_base_for_compare(url: str) -> str:
    url = (url or """").strip().rstrip(""/"")
    for suffix in (""/chat/completions"", ""/models"", ""/completions"", ""/v1/messages""):
        if url.endswith(suffix):
            url = url[: -len(suffix)].rstrip(""/"")
    return url",python,0,0.02,85267
"def is_self_hosted(endpoint_url: str) -> bool:
    """"""True if the endpoint is NOT a known SOTA cloud API.

    Conservative — anything we don't positively recognise as SOTA is
    treated as self-hosted. Better to over-escalate than to silently
    add latency to a paid-API user's chat.
    """"""
    if not endpoint_url:
        return True
    try:
        host = (urlparse(endpoint_url).hostname or """").lower()
    except Exception:
        return True
    if not host:
        return True
    return host not in _SOTA_HOSTS",python,1,0.25,85267
"def evaluate_turn_regex(
    tool_results: List[Dict[str, Any]],
    agent_reply: str,
) -> Tuple[str, Optional[str]]:
    """"""Cheap regex check on a finished turn.

    Returns (""failure"", reason) on a detected problem, (""ok"", None)
    otherwise. The caller decides whether to short-circuit or fall
    back to an LLM self-eval.
    """"""
    # Any tool returned an explicit error field?
    for r in tool_results or []:
        if not isinstance(r, dict):
            continue
        if r.get(""error""):
            return (""failure"", f""tool returned error: {r.get('error')!r}"")
        text = r.get(""results"") or r.get(""output"") or r.get(""response"") or """"
        if isinstance(text, str):
            for pat in _TOOL_ERROR_PATTERNS:
                if pat.search(text):
                    snippet = text[:120].strip()
                    return (""failure"", f""tool result matched error pattern {pat.pattern!r}: {snippet!r}"")

    # Agent verbally gave up?
    if isinstance(agent_reply, str) and agent_reply:
        for pat in _REPLY_GIVE_UP_PATTERNS:
            m = pat.search(agent_reply)
            if m:
                return (""failure"", f""agent reply matched give-up pattern {pat.pattern!r}"")

    return (""ok"", None)",python,1,0.11,85267
"async def _call_teacher(teacher_model_spec: str, prompt: str,
                        owner: Optional[str] = None) -> Optional[str]:
    """"""Call the configured teacher endpoint with the escalation prompt.""""""
    from src.llm_core import llm_call_async
    from src.ai_interaction import _resolve_model
    from src.agent_tools.model_interaction_tools import _TEACHER_SYSTEM_PROMPT
    try:
        url, model, headers = await asyncio.to_thread(_resolve_model, teacher_model_spec, owner=owner)
    except Exception as e:
        logger.warning(f""teacher endpoint not resolvable ({teacher_model_spec!r}): {e}"")
        return None
    try:
        return await llm_call_async(
            url, model,
            [
                {""role"": ""system"", ""content"": _TEACHER_SYSTEM_PROMPT},
                {""role"": ""user"", ""content"": prompt},
            ],
            headers=headers,
            timeout=120,
        )
    except Exception as e:
        logger.warning(f""teacher call failed: {e}"")
        return None",python,0,0.23,85267
"def _format_mcp_connection_error(name: str, command: str = """", args: Optional[List[str]] = None, error: Exception = None) -> str:
    """"""Return a user-actionable MCP connection error message.""""""
    args = args or []
    raw_error = str(error) if error else ""Unknown error""
    command_line = "" "".join([command or """", *args]).strip()
    lower_command = command_line.lower()

    if ""@playwright/mcp"" in lower_command:
        return (
            f""{raw_error}\n\n""
            ""Browser MCP could not start. On fresh installs, cache the Playwright MCP package once before connecting:\n\n""
            ""npx -y @playwright/mcp@latest --version\n\n""
            ""Then restart Odysseus and reconnect the Browser MCP server.""
        )

    return raw_error",python,0,0.16,85267
"def _sanitize_schema_token(value: Any, limit: int = _MCP_TOKEN_MAX) -> str:
    """"""Make an untrusted JSON-Schema token safe to splice into the prompt.

    Replaces control chars / newlines with a space, collapses whitespace, and
    length-caps the result, so a weird field name or type cannot inject newlines
    or run on. Normal short identifiers pass through unchanged.
    """"""
    text = re.sub(r""[\x00-\x1f\x7f]+"", "" "", str(value))
    text = re.sub(r""\s+"", "" "", text).strip()
    if len(text) > limit:
        text = text[:limit].rstrip() + ""…""
    return text",python,1,0.04,85267
"def _format_mcp_params(input_schema: Any) -> str:
    """"""Render an MCP tool's JSON-Schema inputs as a compact prompt hint.

    Without this the agent only sees a tool's name + description and has to
    guess its arguments (issue #2509). Produces e.g.
    ` Args (JSON): {""path"": string (required), ""limit"": integer}` — names,
    coarse types, and required-ness, kept short so it stays prompt-friendly.
    Returns """" when there are no parameters.

    MCP servers are third-party, so names/types are sanitized and the parameter
    count + total length are capped (issue #2660); normal schemas are unaffected.
    """"""
    if not isinstance(input_schema, dict):
        return """"
    props = input_schema.get(""properties"")
    if not isinstance(props, dict) or not props:
        return """"
    required = set(input_schema.get(""required"") or [])
    parts = []
    for pname, pinfo in list(props.items())[:_MCP_PARAM_MAX]:
        pinfo = pinfo if isinstance(pinfo, dict) else {}
        ptype = pinfo.get(""type"") or ""any""
        if isinstance(ptype, list):
            ptype = ""|"".join(str(x) for x in ptype)
        tag = f'""{_sanitize_schema_token(pname)}"": {_sanitize_schema_token(ptype)}'
        if pname in required:
            tag += "" (required)""
        parts.append(tag)
    extra = len(props) - len(parts)
    if extra > 0:
        parts.append(f""…+{extra} more"")
    hint = "" Args (JSON): {"" + "", "".join(parts) + ""}""
    if len(hint) > _MCP_HINT_MAX:
        hint = hint[:_MCP_HINT_MAX - 1].rstrip() + ""…""
    return hint",python,0,0.23,85267
"def test_imports():
    """"""Test that all webhook-related modules can be imported""""""
    print(""="" * 60)
    print(""TEST 1: Module Imports"")
    print(""="" * 60)

    try:
        from webhook import WebhookDeliveryService
        print(""✅ webhook.WebhookDeliveryService imported successfully"")
    except Exception as e:
        print(f""❌ Failed to import webhook module: {e}"")
        return False

    try:
        from schemas import WebhookConfig, WebhookPayload
        print(""✅ schemas.WebhookConfig imported successfully"")
        print(""✅ schemas.WebhookPayload imported successfully"")
    except Exception as e:
        print(f""❌ Failed to import schemas: {e}"")
        return False

    return True",python,0,0.1,77961
"def test_webhook_service_init():
    """"""Test WebhookDeliveryService initialization""""""
    print(""\n"" + ""="" * 60)
    print(""TEST 2: WebhookDeliveryService Initialization"")
    print(""="" * 60)

    try:
        from webhook import WebhookDeliveryService

        # Test with default config
        config = {
            ""webhooks"": {
                ""enabled"": True,
                ""default_url"": None,
                ""data_in_payload"": False,
                ""retry"": {
                    ""max_attempts"": 5,
                    ""initial_delay_ms"": 1000,
                    ""max_delay_ms"": 32000,
                    ""timeout_ms"": 30000
                },
                ""headers"": {
                    ""User-Agent"": ""Crawl4AI-Webhook/1.0""
                }
            }
        }

        service = WebhookDeliveryService(config)

        print(f""✅ Service initialized successfully"")
        print(f""   - Max attempts: {service.max_attempts}"")
        print(f""   - Initial delay: {service.initial_delay}s"")
        print(f""   - Max delay: {service.max_delay}s"")
        print(f""   - Timeout: {service.timeout}s"")

        # Verify calculations
        assert service.max_attempts == 5, ""Max attempts should be 5""
        assert service.initial_delay == 1.0, ""Initial delay should be 1.0s""
        assert service.max_delay == 32.0, ""Max delay should be 32.0s""
        assert service.timeout == 30.0, ""Timeout should be 30.0s""

        print(""✅ All configuration values correct"")

        return True
    except Exception as e:
        print(f""❌ Service initialization failed: {e}"")
        import traceback
        traceback.print_exc()
        return False",python,1,0.14,77961
"def test_webhook_config_model():
    """"""Test WebhookConfig Pydantic model""""""
    print(""\n"" + ""="" * 60)
    print(""TEST 3: WebhookConfig Model Validation"")
    print(""="" * 60)

    try:
        from schemas import WebhookConfig
        from pydantic import ValidationError

        # Test valid config
        valid_config = {
            ""webhook_url"": ""https://example.com/webhook"",
            ""webhook_data_in_payload"": True,
            ""webhook_headers"": {""X-Secret"": ""token123""}
        }

        config = WebhookConfig(**valid_config)
        print(f""✅ Valid config accepted:"")
        print(f""   - URL: {config.webhook_url}"")
        print(f""   - Data in payload: {config.webhook_data_in_payload}"")
        print(f""   - Headers: {config.webhook_headers}"")

        # Test minimal config
        minimal_config = {
            ""webhook_url"": ""https://example.com/webhook""
        }

        config2 = WebhookConfig(**minimal_config)
        print(f""✅ Minimal config accepted (defaults applied):"")
        print(f""   - URL: {config2.webhook_url}"")
        print(f""   - Data in payload: {config2.webhook_data_in_payload}"")
        print(f""   - Headers: {config2.webhook_headers}"")

        # Test invalid URL
        try:
            invalid_config = {
                ""webhook_url"": ""not-a-url""
            }
            config3 = WebhookConfig(**invalid_config)
            print(f""❌ Invalid URL should have been rejected"")
            return False
        except ValidationError as e:
            print(f""✅ Invalid URL correctly rejected"")

        return True
    except Exception as e:
        print(f""❌ Model validation test failed: {e}"")
        import traceback
        traceback.print_exc()
        return False",python,0,0.06,77961
"def test_llm_job_payload_model():
    """"""Test that LlmJobPayload includes webhook_config field""""""
    print(""="" * 60)
    print(""TEST 1: LlmJobPayload Model"")
    print(""="" * 60)

    try:
        from job import LlmJobPayload
        from schemas import WebhookConfig
        from pydantic import ValidationError

        # Test with webhook_config
        payload_dict = {
            ""url"": ""https://example.com"",
            ""q"": ""Extract main content"",
            ""schema"": None,
            ""cache"": False,
            ""provider"": None,
            ""webhook_config"": {
                ""webhook_url"": ""https://myapp.com/webhook"",
                ""webhook_data_in_payload"": True,
                ""webhook_headers"": {""X-Secret"": ""token""}
            }
        }

        payload = LlmJobPayload(**payload_dict)

        print(f""✅ LlmJobPayload accepts webhook_config"")
        print(f""   - URL: {payload.url}"")
        print(f""   - Query: {payload.q}"")
        print(f""   - Webhook URL: {payload.webhook_config.webhook_url}"")
        print(f""   - Data in payload: {payload.webhook_config.webhook_data_in_payload}"")

        # Test without webhook_config (should be optional)
        minimal_payload = {
            ""url"": ""https://example.com"",
            ""q"": ""Extract content""
        }

        payload2 = LlmJobPayload(**minimal_payload)
        assert payload2.webhook_config is None, ""webhook_config should be optional""
        print(f""✅ LlmJobPayload works without webhook_config (optional)"")

        return True
    except Exception as e:
        print(f""❌ Failed: {e}"")
        import traceback
        traceback.print_exc()
        return False",python,1,0.1,77961
"def test_handle_llm_request_signature():
    """"""Test that handle_llm_request accepts webhook_config parameter""""""
    print(""\n"" + ""="" * 60)
    print(""TEST 2: handle_llm_request Function Signature"")
    print(""="" * 60)

    try:
        from api import handle_llm_request
        import inspect

        sig = inspect.signature(handle_llm_request)
        params = list(sig.parameters.keys())

        print(f""Function parameters: {params}"")

        if 'webhook_config' in params:
            print(f""✅ handle_llm_request has webhook_config parameter"")

            # Check that it's optional with default None
            webhook_param = sig.parameters['webhook_config']
            if webhook_param.default is None or webhook_param.default == inspect.Parameter.empty:
                print(f""✅ webhook_config is optional (default: {webhook_param.default})"")
            else:
                print(f""⚠️  webhook_config default is: {webhook_param.default}"")

            return True
        else:
            print(f""❌ handle_llm_request missing webhook_config parameter"")
            return False

    except Exception as e:
        print(f""❌ Failed: {e}"")
        import traceback
        traceback.print_exc()
        return False",python,1,0.26,77961
"def test_process_llm_extraction_signature():
    """"""Test that process_llm_extraction accepts webhook_config parameter""""""
    print(""\n"" + ""="" * 60)
    print(""TEST 3: process_llm_extraction Function Signature"")
    print(""="" * 60)

    try:
        from api import process_llm_extraction
        import inspect

        sig = inspect.signature(process_llm_extraction)
        params = list(sig.parameters.keys())

        print(f""Function parameters: {params}"")

        if 'webhook_config' in params:
            print(f""✅ process_llm_extraction has webhook_config parameter"")

            webhook_param = sig.parameters['webhook_config']
            if webhook_param.default is None or webhook_param.default == inspect.Parameter.empty:
                print(f""✅ webhook_config is optional (default: {webhook_param.default})"")
            else:
                print(f""⚠️  webhook_config default is: {webhook_param.default}"")

            return True
        else:
            print(f""❌ process_llm_extraction missing webhook_config parameter"")
            return False

    except Exception as e:
        print(f""❌ Failed: {e}"")
        import traceback
        traceback.print_exc()
        return False",python,0,0.22,77961
"def get_version():
    command = [""git"", ""describe"", ""--tags""]
    try:
        version = subprocess.check_output(command).decode().strip()
        version_parts = version.split(""-"")
        if len(version_parts) > 1 and version_parts[0].startswith(""mineru""):
            return version_parts[1]
        else:
            raise ValueError(f""Invalid version tag {version}. Expected format is mineru-<version>-released."")
    except Exception as e:
        print(e)
        return ""0.0.0""",python,0,0.12,77486
"def main():
	p = OCR(""tests/PlainText.pdf"", ""INFO"", ""none"")
	p.start()

	result = p.text.strip()

	with io.open('tests/PlainText.txt') as f:
		against = f.read().strip()

	assert(result == against)

	print(""Test passed."")",python,2,0.98,4
"def rainbow():
    while True:
        h = time.time() * 50
        for channel in range(4):
            for pixel in range(16):
                hue = (h + (channel * 64) + (pixel * 4)) % 360
                r, g, b = [int(c * 255) for c in hsv_to_rgb(hue/360.0, 1.0, 1.0)]
                mote.set_pixel(channel + 1, pixel, r, g, b)
        mote.show()
        if btn1 != 'r':
            mote.clear()
            mote.show()
            break
        time.sleep(0.01)",python,3,0.88,4
"def alert():
    while True:
        for channel in range(4):
            for pixel in range(16):
                mote.set_pixel(channel + 1, pixel, 255, 0, 0)
            mote.show()
        time.sleep(0.5)
        if btn1 != 'v':
            mote.clear()
            mote.show()
            break
        for channel in range(4):
            for pixel in range(16):
                mote.set_pixel(channel + 1, pixel, 0, 0, 0)
            mote.show()
        time.sleep(0.5)
        if btn1 != 'v':
            mote.clear()
            mote.show()
            break",python,2,0.55,4
"def white():
    while True:
        for channel in range(4):
            for pixel in range(16):
                mote.set_pixel(channel + 1, pixel, 255, 255, 255)
            mote.show()
        time.sleep(0.5)
        if btn1 != 'w':
            mote.clear()
            mote.show()
            break",python,2,0.88,4
"def sgd(loss_or_grads, params, learning_rate):
    """"""Stochastic Gradient Descent (SGD) updates
    Generates update expressions of the form:
    * ``param := param - learning_rate * gradient``
    Parameters
    ----------
    loss_or_grads : symbolic expression or list of expressions
        A scalar loss expression, or a list of gradient expressions
    params : list of shared variables
        The variables to generate update expressions for
    learning_rate : float or symbolic scalar
        The learning rate controlling the size of update steps
    Returns
    -------
    OrderedDict
        A dictionary mapping each parameter to its update expression
    """"""
    grads = theano.grad(loss_or_grads, params)
    updates = OrderedDict()

    for param, grad in zip(params, grads):
        updates[param] = param - learning_rate * grad

    return updates",python,2,0.82,4
"def apply_nesterov_momentum(updates, params=None, momentum=0.9):
    """"""Returns a modified update dictionary including Nesterov momentum
    Generates update expressions of the form:
    * ``velocity := momentum * velocity + updates[param] - param``
    * ``param := param + momentum * velocity + updates[param] - param``
    Parameters
    ----------
    updates : OrderedDict
        A dictionary mapping parameters to update expressions
    params : iterable of shared variables, optional
        The variables to apply momentum to. If omitted, will apply
        momentum to all `updates.keys()`.
    momentum : float or symbolic scalar, optional
        The amount of momentum to apply. Higher momentum results in
        smoothing over more update steps. Defaults to 0.9.
    Returns
    -------
    OrderedDict
        A copy of `updates` with momentum updates for all `params`.
    Notes
    -----
    Higher momentum also results in larger update steps. To counter that,
    you can optionally scale your learning rate by `1 - momentum`.
    The classic formulation of Nesterov momentum (or Nesterov accelerated
    gradient) requires the gradient to be evaluated at the predicted next
    position in parameter space. Here, we use the formulation described at
    https://github.com/lisa-lab/pylearn2/pull/136#issuecomment-10381617,
    which allows the gradient to be evaluated at the current parameters.
    See Also
    --------
    nesterov_momentum : Shortcut applying Nesterov momentum to SGD updates
    """"""
    if params is None:
        params = updates.keys()
    updates = OrderedDict(updates)

    for param in params:
        value = param.get_value(borrow=True)
        velocity = theano.shared(np.zeros(value.shape, dtype=value.dtype),
                                 broadcastable=param.broadcastable)
        x = momentum * velocity + updates[param] - param
        updates[velocity] = x
        updates[param] = momentum * x + updates[param]

    return updates",python,2,0.91,4
"def nesterov_momentum(loss_or_grads, params, learning_rate, momentum=0.5):
    """"""Stochastic Gradient Descent (SGD) updates with Nesterov momentum
    Generates update expressions of the form:
    * ``velocity := momentum * velocity - learning_rate * gradient``
    * ``param := param + momentum * velocity - learning_rate * gradient``
    Parameters
    ----------
    loss_or_grads : symbolic expression or list of expressions
        A scalar loss expression, or a list of gradient expressions
    params : list of shared variables
        The variables to generate update expressions for
    learning_rate : float or symbolic scalar
        The learning rate controlling the size of update steps
    momentum : float or symbolic scalar, optional
        The amount of momentum to apply. Higher momentum results in
        smoothing over more update steps. Defaults to 0.9.
    Returns
    -------
    OrderedDict
        A dictionary mapping each parameter to its update expression
    Notes
    -----
    Higher momentum also results in larger update steps. To counter that,
    you can optionally scale your learning rate by `1 - momentum`.
    The classic formulation of Nesterov momentum (or Nesterov accelerated
    gradient) requires the gradient to be evaluated at the predicted next
    position in parameter space. Here, we use the formulation described at
    https://github.com/lisa-lab/pylearn2/pull/136#issuecomment-10381617,
    which allows the gradient to be evaluated at the current parameters.
    See Also
    --------
    apply_nesterov_momentum : Function applying momentum to updates
    """"""
    updates = sgd(loss_or_grads, params, learning_rate)
    return apply_nesterov_momentum(updates, momentum=momentum)",python,3,0.84,4
"    def __init__(self, rng, input, n_in, n_out, W=None, b=None,
                 activation=T.tanh):
        """"""
        Couche caché d'un réseau de neurones: les unités sont complétement connectées et ont
        une fonction d'activation tanh. La matrice des poids W est de dimension (n_in,n_out)
        et le vecteur du biais b de dimension (n_out).

        L'activation de l'unité caché est donnée par: tanh(dot(input,W) + b)
        
        Paramètres:
        rng: numpy.random.RandomState -> une nombre aléatoire utilisé pour initialiser les poids
        input: theano.tensor.dmatrix -> tensor symbolique de dimension (n_examples, n_in)
        n_in: int -> dimension de l'entrée
        n_out: int -> nombre d'unités cachées
        activation: theano.Op ou fonction -> fonction d'activation de la couche cachée
        
        """"""
        self.input = input

        # `W` is initialized with `W_values` which is uniformely sampled
        # from sqrt(-6./(n_in+n_hidden)) and sqrt(6./(n_in+n_hidden))
        # for tanh activation function
        # the output of uniform if converted using asarray to dtype
        # theano.config.floatX so that the code is runable on GPU
        # Note : optimal initialization of weights is dependent on the
        #        activation function used (among other things).
        #        For example, results presented in [Xavier10] suggest that you
        #        should use 4 times larger initial weights for sigmoid
        #        compared to tanh
        #        We have no info for other function, so we use the same as
        #        tanh.
        if W is None:
            W_values = np.asarray(
                rng.uniform(
                    low=-np.sqrt(6. / (n_in + n_out)),
                    high=np.sqrt(6. / (n_in + n_out)),
                    size=(n_in, n_out)
                ),
                dtype=theano.config.floatX
            )
            if activation == T.nnet.sigmoid:
                W_values *= 4
            elif activation == T.nnet.relu:
                W_values *= np.sqrt(2)
                
            W = theano.shared(value=W_values, name='W', borrow=True)

        if b is None:
            b_values = np.zeros((n_out,), dtype=theano.config.floatX)
            b = theano.shared(value=b_values, name='b', borrow=True)

        self.W = W
        self.b = b

        lin_output = T.dot(input, self.W) + self.b
        self.output = (
            lin_output if activation is None
            else activation(lin_output)
        )
        # parameters of the model
        self.params = [self.W, self.b]",python,3,0.54,4
"    def __init__(self, rng, input, n_in, n_hiddens, n_out, activations):
        """"""Initialisation des paramètres du réseau

        Paramètres:
        rng: numpy.random.RandomState -> une nombre aléatoire utilisé pour initialiser les poids
        input: theano.tensor.dmatrix -> tensor symbolique de dimension (n_examples, n_in)
        n_in: int -> dimension de l'entrée
        n_hidden: vecteur d'entiers -> nombre d'unités cachées par couche
        n_out: int -> nombre d'unités de la couche de sortie
        activation: vecteur de theano.Op ou fonction -> fonction d'activation des couches cachées
        """"""

        self.hiddenLayers = []
        
        self.hiddenLayers.append(HiddenLayer(
            rng=rng,
            input=input,
            n_in=n_in,
            n_out=n_hiddens[0],
            activation=activations[0]
            ))
            
        for i in range(len(n_hiddens)-1):
            self.hiddenLayers.append(HiddenLayer(
            rng=rng,
            input=self.hiddenLayers[i].output, 
            n_in=n_hiddens[i],
            n_out=n_hiddens[i+1],
            activation=activations[i+1]
            ))
            
        # The logistic regression layer gets as input the hidden units
        # of the hidden layer
        self.logRegressionLayer = LogisticRegression(
            input=self.hiddenLayers[-1].output,
            n_in=n_hiddens[-1],
            n_out=n_out
        )

        # negative log likelihood du réseau
        self.negative_log_likelihood = (
            self.logRegressionLayer.negative_log_likelihood
        )
        # l'erreur quadratique du réseau
        self.quadraticLoss = (
            self.logRegressionLayer.quadraticLoss
        )
        # Fonctions pour calculer l'erreur du modèle
        self.errors = self.logRegressionLayer.errors
        self.incorrects = self.logRegressionLayer.incorrects

        # Les paramètres du modèle sont les paramètres de toutes ses couches
        self.params = []
        for hl in self.hiddenLayers:
            self.params = self.params + hl.params
            
        self.params = self.params + self.logRegressionLayer.params
        
        
        self.input = input
        self.y_pred = self.logRegressionLayer.y_pred
        self.p_y_given_x = self.logRegressionLayer.p_y_given_x
        
        # norme L1, à utiliser pour la régularisation L1
        self.L1 = abs(self.logRegressionLayer.W).sum()
        for hl in self.hiddenLayers:
            self.L1 += abs(hl.W).sum()   
        
        # norme L2 au carré, à utiliser pour la régularisation L2
        self.L2_sqr = (self.logRegressionLayer.W ** 2).sum()
        for hl in self.hiddenLayers:
            self.L2_sqr += (hl.W ** 2).sum()",python,3,0.76,4
"    def train(self, weights, train_set_x, train_set_y, x, y, w, reg_L1, reg_L2, 
              learning_rate=0.01, n_epochs=1000, batch_size=20, type_grad = 'nesterov', 
              valid_set_x = None, valid_set_y = None):
        """"""
        Entrainer un réseau de neurones avec le principe forward/backwark propagation
        et descente de gradient. Si les données de validation sont utilisés,
        l'apprentissage utilisera le principe du ""early stopping""
    
        Paramètres
        weights: vecteur de float -> poids associés à chaque exemple d'apprentissage
        train_set_x: theano.tensor.dmatrix -> tensor symbolique des features
        train_set_y: theano.tensor.lvector -> tensor symbolique représentant les labels
        learning_rate: float
        x = T.matrix('x')
        y= T.ivector('y')
        w = T.dvector('w')
        reg_L1:      int -> paramètre de régularisation L1
        reg_L2:      int -> paramètre de régularisation L2
        learning_rate: float -> pas de la descente de gradient
        n_epochs:    int -> nombre d'epochs pour l'entrainement
        batch_size:  int -> taille du batch (si égal à 1 descente stochastique
        type_grad:   string -> type de la descente de gradiant ('nesterov' ou 'standard')
       """"""
       
        # compute number of minibatches for training, validation and testing
        n_train_batches = train_set_x.get_value(borrow=True).shape[0] // batch_size
 
    
        # the cost we minimize during training is the quadratic loss of
        # the model
        cost = (
            self.negative_log_likelihood(y, w) 
            + reg_L1 * self.L1
            + reg_L2 * self.L2_sqr
        )
    
        # compiling a Theano function that computes the mistakes that are made
        # by the model on a minibatch
    
        # start-snippet-5
        # compute the gradient of cost with respect to theta (sorted in params)
        # the resulting gradients will be stored in a list gparams
        gparams = [T.grad(cost, param) for param in self.params]
        #print([pp(T.grad(cost, param)) for param in self.params])
        # specify how to update the parameters of the model as a list of
        # (variable, update expression) pairs
    
        # given two lists of the same length, A = [a1, a2, a3, a4] and
        # B = [b1, b2, b3, b4], zip generates a list C of same size, where each
        # element is a pair formed from the two lists :
        #    C = [(a1, b1), (a2, b2), (a3, b3), (a4, b4)]
        if (type_grad == 'nesterov'):       
            updates = nesterov_momentum(cost, self.params, learning_rate=0.01, momentum= 0.5)
        else:
            updates = [
                (param, param - learning_rate * gparam)
                for param, gparam in zip(self.params, gparams)
            ]
    
        index = T.lscalar()
        indices = T.lvector()
        # compiling a Theano function `train_model` that returns the cost, but
        # in the same time updates the parameter of the model based on the rules
        # defined in `updates`
        
        longueur = train_set_x.get_value(borrow=True).shape[0]
#        np.random.seed(1234)
        indices_val = np.arange(longueur)
#        np.random.shuffle(indices_val)


        train_model = theano.function(
            inputs=[index, indices],
            outputs=cost,
            updates=updates,
            givens={
                x: train_set_x[indices[index: (index + batch_size)]],
                y: train_set_y[indices[index: (index + batch_size)]],
                w: weights[indices[index: (index + batch_size)]]
            }
        )
        ###############
        # TRAIN MODEL #
        ###############
        print('... training')
        print('on fait un shuffle du train')
                
        # Train and shuffle the inputs            
        if ((valid_set_x == None) or (valid_set_y == None)):
            for epoch in range(n_epochs):
                #tstart = time.time()
                for start_indx in range(0, longueur - batch_size +1, batch_size):
                    np.random.shuffle(indices_val)
                    #print(weights.get_value(borrow = True)[minibatch_index * batch_size: (minibatch_index + 1) * batch_size])
                    #print(sum(weights.get_value(borrow = True)[minibatch_index * batch_size: (minibatch_index + 1) * batch_size]))
                    minibatch_avg_cost = train_model(start_indx, indices_val)",python,3,0.9,4
"def displayimage(index, x, y, type_donnees = 'tensor', pred = None, string= None):
    
    if (type_donnees == 'tensor'):        
        y = y.eval()
        x = x.get_value()
    
    if (len(index)> 16):
        index = index[0:16]

    for count, i in enumerate(index):
        image = x[i]
        rrows = np.int(np.sqrt(len(index)))
        pl.subplot(rrows, np.int(len(index)/rrows), count+1).imshow(image.reshape(28, 28), cmap=pl.cm.gray)
        pl.title('vrai: %s et predit: %s' % (y[i], pred[i]))   
        pl.axis('off')
        
    if (string != None):
        pl.savefig(string)
    else:
        pl.show()",python,3,0.62,4
"def sexToDecimal(ang, hparam):
    anglist = ang.split("":"")
    for i in range(len(anglist)):
        anglist[i] = float(anglist[i])
    decimal = (anglist[1] / 60) + (anglist[2] / 3600)
    if anglist[0] < 0:
        ang = anglist[0] - decimal
    else:
        ang = anglist[0] + decimal
    if hparam == True:
        ang *= 15
    return ang",python,3,0.97,4
"def decimalToSex(inp, rd):
    d = int(inp)
    inp = inp % 1
    m = str(int(inp * 60))
    m = m.zfill(2)
    s = round(((inp * 60) % 1) * 60, 2)
    if rd == ""d"":
        s = str(round(s, 1))
        s = s.zfill(4)
        if d > 0:
            d = ""+"" + str(d)
    if rd == ""r"":
        s = str(s).zfill(5)
    return ""%s:%s:%s"" % (d, m, s)",python,3,0.77,4
"def getJo(date):
    joArr = date.split(""-"")
    for i in range(len(joArr)):
        joArr[i] = float(joArr[i])
    jodate = 367*joArr[0] - int((7*(joArr[0] + int((joArr[1]+9)/12)))/4) + int(275 * joArr[1] / 9) + joArr[2] + 1721013.5
    return jodate",python,3,0.92,4
"def eval_all(iKala_URI, filenames_selected=None):
    wavfiles_URI = iKala_URI + '/Wavfile/'
    _filenames = getWavFiles(filenames_selected, wavfiles_URI)
    
    NSDR_total = 0
    SIR_total = 0
    SAR_total = 0
    
    for filename in _filenames:
        filename = basename(filename)
        [NSDR, SIR, SAR ] = eval_svs_main_(filename)
        NSDR_total += NSDR
        SIR_total += SIR
        SAR_total += SAR",python,3,0.92,4
"def eval_svs_main_(filename):
    
    
    ######## reference
    ref_iKalaURI= Parameters.iKalaURI + '/Wavfile/'
    ref_fileURI=os.path.join(ref_iKalaURI, filename)
    
    loader = essentia.standard.MonoLoader(filename= ref_fileURI, downmix='left'    )
    trueKaraoke = loader()
    
    loader = essentia.standard.MonoLoader(filename= ref_fileURI, downmix='right'    )
    trueVoice = loader()
    
    ref_iKalaURI= Parameters.iKalaURI + '/Wavfile/mono/'
    ref_file_mono_URI=os.path.join(ref_iKalaURI, filename)
    
    loader = essentia.standard.MonoLoader(filename= ref_file_mono_URI )
    trueMixed = loader()

    
    ######## estimated
    estim_iKalaURI= Parameters.iKalaURI + '/Wavfile_resynth/'
    
    estim_fileURI=os.path.join(estim_iKalaURI,filename)
    
    loader = essentia.standard.MonoLoader(filename= estim_fileURI  )
    estimatedVoice  = loader()
    
    estimatedVoice_resized= numpy.zeros((trueMixed.shape))
    
    diff_length=len(trueMixed) - len(estimatedVoice)
    estimatedVoice_resized[diff_length:]=estimatedVoice
    
    estimatedKaraoke = trueMixed - estimatedVoice_resized
    norm_est = norm(estimatedVoice_resized + estimatedKaraoke)
    norm_est = 229.0
    norm_true = norm(trueVoice + trueKaraoke)
    a = vstack((estimatedVoice_resized,estimatedKaraoke)) 
    b = vstack((trueVoice,trueKaraoke))
    (SDR,SIR,SAR, perm) = mir_eval.separation.bss_eval_sources( a / norm_est,  b / norm_true  )
    (NSDR,NSIR,NSAR, perm) = mir_eval.separation.bss_eval_sources( \
        [trueMixed,trueMixed] / norm(trueMixed + trueMixed),\
        [trueVoice,trueKaraoke] / norm(trueVoice + trueKaraoke))
    NSDR=SDR - NSDR
    
    return NSDR,SIR,SAR",python,2,0.59,4
"def getWavFiles(filenames_selected, monoURI):
    _filenames = []
    if filenames_selected == None:
        for file in os.listdir(monoURI):
            if file.endswith("".wav""):
                _filenames.append(os.path.join(monoURI, file))
    
    else:
        for file in filenames_selected:
            _filenames.append(os.path.join(monoURI, file)) # pre-given set of files
    
    return _filenames",python,2,0.7,4
"def getTimeStamps(audioSamples,  feature_series):
    '''
    utility
    '''
    duration = essentia.standard.Duration()
    duration_ = duration(audioSamples)
    timestamps = np.arange(len(feature_series)) / float(len(feature_series)) * duration_ 
    timestamps += (float(Parameters.wSize / 2) / Parameters.fs)
    return timestamps",python,2,0.86,4
"def extractMelody(audioSamples, wSize, hSize):
    fs = 44100
    vTol = 1.4


    # extract f0 using ESSENTIA
    input = essentia.array(audioSamples)
    pitchTracker = PredominantPitchMelodia(frameSize = wSize, hopSize = hSize, sampleRate = fs,
        voicingTolerance = vTol, voiceVibrato = False, filterIterations=10, 
        peakDistributionThreshold=0.9, guessUnvoiced=True)
    
#     pitchTracker = PredominantMelody(frameSize = wSize, hopSize = hSize, sampleRate = fs,
#         voicingTolerance = vTol, voiceVibrato = False, filterIterations=10, 
#         peakDistributionThreshold=0.9, guessUnvoiced=True)
    
    f0, pitchConf = pitchTracker(input)
    
    timestamps = getTimeStamps(audioSamples, f0)
    
    
    f0 = mir_eval.multipitch.frequencies_to_midi(f0)    
    return timestamps, np.array(f0)",python,2,0.73,4
"def detect_vocal(audioSamples,  rfc, est_f0):
    
    
    # 2 vocal variance
    features_array = extract_features(audioSamples)
    
    voiced_flag = np.zeros(len(features_array)) 
    
#     vocal_var_array_T = features_array.T
#     imshow(vocal_var_array_T, aspect = 'auto', interpolation='none') 
     
    # prepare array indices
    resFactor = Parameters.hSize/Parameters.hSizePitch 
    aLen = min([len(features_array)*resFactor, len(est_f0)])
    features_array = features_array[0:floor(aLen / resFactor)]
    est_f0 = est_f0[0:aLen]

    for i in range (0,len(features_array)): 
        vv = features_array[i]
        midIdx = i*resFactor
        if est_f0[midIdx] > 0: ## estimate only for frames with middle frame from melodias being voiced
            voiced_flag[i] = rfc.predict(vv.reshape(1,-1))
            est_f0[midIdx - resFactor/2 -1: midIdx + resFactor/2+1] *= voiced_flag[i] # make range of f0-s zero is not voiced
    
# smoothing
#     TODO:
    return voiced_flag, est_f0",python,3,0.66,4
"def check_case(context):
	#Armature in pose mode
	if len(context.selected_objects) == 1 and context.selected_objects[0].type == 'ARMATURE' and context.mode == 'POSE' and len(context.selected_pose_bones) != 0:
		return True, 'BONES'
	elif len(context.selected_objects) != 0 and context.mode == 'OBJECT':
		# Objects
		types = [obj.type for obj in context.selected_objects]
		if 'ARMATURE' in types:
			types.remove('ARMATURE')
		if len(types) != 0:
			return True, 'OBJ'

	# poll KO
	return False, 'DUMMY'",python,2,0.69,4
"	def draw(self, context):
		layout = self.layout
		row = layout.row()
		row.operator(""pose.juks_keying"", text=""Mass KeyingSets creation"")
		row = layout.row()
		row.operator(""pose.juks_keying_keyframes"", ""Mass KeyingSets from Keyframes"")",python,3,0.81,4
"	def draw(self, context):
		layout = self.layout
		row = layout.row()
		row.prop(self, ""update"", text=""Update KeyingSet if already exists"")
		row = layout.row()
		row.prop(self, ""name"")
		row = layout.row()
		row.prop(self, ""location"")
		row.prop(self, ""rotation"")
		row.prop(self, ""scale"")
		row = layout.row()
		if check_case(context)[1] == ""BONES"":
			row.prop(self, ""bone_custom_props"")
		else:
			row.prop(self, ""obj_custom_props"")
			row = layout.row()
			row.prop(self, ""data_custom_props"")
		row = layout.row()
		row.prop(self, ""only_non_locked"")",python,3,0.83,4
"def arg(*args, **kwargs):
    """"""Decorator for CLI args.

    Example:

    >>> @arg(""name"", help=""Name of the new entity"")
    ... def entity_create(args):
    ...     pass
    """"""
    def _decorator(func):
        add_arg(func, *args, **kwargs)
        return func
    return _decorator",python,2,0.83,4
"def add_arg(func, *args, **kwargs):
    """""" Bind CLI arguments to a shell.py `do_foo` function.""""""
    if not hasattr(func, 'arguments'):
        func.arguments = []
    if (args, kwargs) not in func.arguments:
        func.arguments.insert(0, (args, kwargs))",python,3,0.54,4
"def decode(img):
    if not img:
        return None
    qr = qrtools.QR()
    if qr.decode(img):
        return qr.data
    else:
        raise ValueError(""Failed to decode data from '%s'"" % img)",python,2,0.53,4
"    def error(self, message):
        """"""
        Prints a usage message incorporating the message to stderr and exit.
        """"""
        self.print_usage(sys.stderr)
        choose_from = ' (choose from'
        progparts = self.prog.partition(' ')
        self.exit(2, (""error: %(errmsg)s\nTry '%(mainp)s help %(subp)s'""
                ""for more information.\n"") %
                {'errmsg': message.split(choose_from)[0],
                    'mainp': progparts[0],
                    'subp': progparts[2]})",python,2,0.71,4
"    def get_base_parser(self):
        """"""
        Get a base parser including some global arguments.
        """"""
        parser = QRCodeShellParser(prog = 'qrcode',
                description='A python app for creating and decoding QR Codes',
                epilog='See ""qrcode help COMMAND"" for help on a specific comand.',
                add_help = False
        )
        parser.add_argument(
                '-h', '--help',
                action='store_true',
                help=argparse.SUPPRESS,
        )
        parser.add_argument(
                '-v', '--version',
                action='version',
                version='0.1',
        )
        return parser",python,2,0.82,4
"def find_closest(lookup_list, number):
    """"""Find the closest numerical key in list to provided number.
    Return the corresponding value.
    lookup_list structure: [(key, value), ...]""""""
    try:
        keys = np.array(lookup_list, dtype=float)[:, 0]
        values = np.array(lookup_list, dtype=float)[:, 1]
    except ValueError:
        keys = np.array(lookup_list, dtype=str)[:, 0]
        keys = np.array(keys, dtype=float)
        values = np.array(lookup_list, dtype=str)[:, 1]
    differences = abs(keys - number)
    return values[np.argmin(differences)]",python,3,0.8,4
"def plotformat(ax):
    if ax.get_title().strip() != ""Wind Direction"":
        majorLocator = MultipleLocator(1)
        ax.yaxis.set_major_locator(majorLocator)
        ax.minorticks_on()
        ax.grid(""on"", which='minor', ls='-', alpha=0.2)
    ax.xaxis.set_major_locator(dates.HourLocator(interval=2))
    ax.xaxis.set_major_formatter(dates.DateFormatter('%H:%M'))
    ax.grid(""on"", which='major', ls='-', alpha=0.4)
    labels = ax.get_xticklabels()
    plt.setp(labels, rotation=0)",python,3,0.93,4
"def start_bot():
    setup_data_path()
    setup_database()
    setup_commands()
    connect_to_discord()",python,2,0.58,4
"def show_message(subj, body, icon='audio-speakers', timeout=3000,
                 dump_id_file='/tmp/pymocp.id'):
    wn = None
    try:
        wn = pickle.load(open(dump_id_file, ""rb""))
    except:
        wn = notify2.Notification('')

    wn.set_timeout(timeout)
    wn.update(subj, body, icon)
    wn.show()
    pickle.dump(wn, open(dump_id_file, ""wb""))",python,3,0.8,4
"    def parse_args():
        def escape_str(s):
            return html.escape(s)
        parser = argparse.ArgumentParser()
        parser.add_argument('-a', '--artist', type=escape_str)
        parser.add_argument('-s', '--song', type=escape_str)
        parser.add_argument('-r', '--album', type=escape_str)
        parser.add_argument('-f', '--file', type=escape_str, required=True)
        parser.add_argument('-i', '--icon', type=escape_str, default='audio-x-generic')
        parser.add_argument('-t', '--timeout', type=int, default=5000)
        return parser, parser.parse_args()",python,3,0.98,4
"def parse_command_line():
    parser = argparse.ArgumentParser(
        description='Follow who he follow, star what he star',
        formatter_class=argparse.RawTextHelpFormatter,
    )
    parser.add_argument('-a', '--auth',
                        metavar='USERNAME',
                        help='your github account username')
    parser.add_argument('target',
                        metavar='TARGET',
                        help='the target you want to copy')

    args = parser.parse_args()

    password = getpass.getpass('Enter your Github account password: ') if args.auth else None
    return args.auth, password, args.target",python,3,0.99,4
"def follow_him(s, target):
    print('>> ******\n>> He followed ...')
    resp = s.get(GITHUB_API_PROXY + '/users/%s/following' % target)
    following_list = [following['url'].split('/')[-1] for following in resp.json()]
    for user in following_list:
        if USERNAME:
            s.put(GITHUB_API_PROXY + '/user/following/%s' % user)
        print(user)
    if USERNAME:
        print('>> following done\n')",python,2,0.96,4
"def star_him(s, target):
    print('>> ******\n>> He starred ...')
    resp = s.get(GITHUB_API_PROXY + '/users/%s/starred' % target)
    starred_list = [repo['full_name'] for repo in resp.json()]
    for repo in starred_list:
        if USERNAME:
            s.put(GITHUB_API_PROXY + '/user/starred/%s' % repo)
        print(repo)
    if USERNAME:
        print('>> starring done\n')",python,2,0.7,4
"def list_all_tags(lists_of_tags):
    all_known_tags = set()
    for list_of_tags in lists_of_tags:
        for tag in list_of_tags:
            all_known_tags.add(tag)
    return list(all_known_tags) # so it would be ordered",python,2,0.54,4
"def tags_to_boolean_features(object_tags, all_known_tags):
    # Not scalable, but making hash tables for ~100 tags is an overkill
    features = np.array( [0] * len(all_known_tags) )
    for tag in object_tags:
        try:
            features[all_known_tags.index(tag)] = 1
        except IndexError:
            pass
    return features",python,2,0.97,4
"def count_common_tags(input_objects):
    counter = Counter()
    for obj in input_objects:
        for tag in obj:
            counter[tag] += 1
    return counter",python,2,0.73,4
"	def test_get_stock_data(self):
		yfm = YFMongo(""vestview"", ""stocks"")
		data = yfm.get_stock_data('AAPL')
		for ins in data:
			self.assertTrue(isinstance(ins, dict))",python,2,0.75,4
"def create_look_ahead_mask(seq_len):
    ones_tensor = np.ones( (seq_len, seq_len) )
    #ones_tensor = np.ones( 1, seq_len, seq_len )
    mask = np.triu(ones_tensor, k=1)   ## k=1 means above diagonal
    mask = mask.astype('uint8')
    return mask       # (seq_len, seq_len)",python,2,0.65,4
"def create_padding_mask(source_seq):

    ## put 1 where padded, elementwise
    padding_mask = tf.cast(tf.equal(source_seq, 0), dtype=tf.float32)
    return padding_mask",python,3,0.69,4
"def layer_norm(x):
    eps = 1e-6
    size = 512
    # create two learnable parameters to calibrate normalisation
    alpha = np.ones(size)
    bias  = np.zeros(size)
    mean, var = tf.nn.moments(x, axes=[0, 1, 2])
    standard_dev = tf.sqrt(var)
    norm = alpha * (x - mean) / (standard_dev + eps) + bias
    return norm",python,2,0.71,4
"def apply(input): # Input from Algorithmia can only be one string [123,45,167]
    try :
        pt = [int(i) for i in input] # convert number to integer array
    except Exception:
        return ""Error in input. Run aborted.""
    # TODO: Recognize alternative input formats, such as ""(156,43,222)"".

   # NO import importlib & import_module('rgbcsv2rgbarray.py.txt') to avoid external dependencies.
#### Paste in contents of rgb_combined_v01.csv.txt below: ###
    RGB = np.array([[0,0,0],[0,0,128],[0,0,139],[0,0,156],[0,0,205],[0,0,238],[0,0,255],[0,15,137],[0,16,104],[0,20,137],[0,20,168],[0,24,113],[0,26,112],[0,26,114],[0,30,96],[0,30,98],[0,32,91],[0,33,71],[0,35,156],[0,37,84],[0,38,58],[0,38,62],[0,40,85],[0,42,58],[0,43,73],[0,45,114],[0,46,93],[0,46,99],[0,47,108],[0,47,167],[0,48,87],[0,48,135],[0,49,60],[0,49,83],[0,51,102],[0,51,153],[0,51,160],[0,51,170],[0,53,148],[0,56,101],[0,56,168],[0,58,112],[0,59,73],[0,59,92],[0,59,178],[0,60,113],[0,61,76],[0,61,165],[0,62,81],[0,64,64],[0,66,37],[0,66,66],[0,70,140],[0,71,171],[0,71,187],[0,72,81],[0,73,83],[0,73,118],[0,75,73],[0,75,135],[0,76,69],[0,76,151],[0,78,66],[0,79,89],[0,79,113],[0,79,152],[0,80,239],[0,81,81],[0,83,76],[0,84,180],[0,85,135],[0,85,140],[0,86,63],[0,86,112],[0,87,63],[0,87,118],[0,87,184],[0,87,231],[0,88,68],[0,88,124],[0,89,76],[0,89,79],[0,90,112],[0,94,93],[0,94,184],[0,95,97],[0,95,131],[0,95,134],[0,97,127],[0,98,105],[0,98,114],[0,98,152],[0,98,155],[0,99,65],[0,99,91],[0,100,0],[0,102,0],[0,102,79],[0,102,204],[0,102,255],[0,103,71],[0,103,127],[0,103,160],[0,103,165],[0,104,69],[0,104,94],[0,104,139],[0,105,62],[0,105,148],[0,106,78],[0,106,82],[0,106,142],[0,107,60],[0,107,166],[0,108,91],[0,109,91],[0,109,104],[0,111,68],[0,111,98],[0,112,65],[0,112,150],[0,112,255],[0,114,187],[0,114,206],[0,115,103],[0,115,119],[0,115,150],[0,115,152],[0,115,207],[0,116,116],[0,117,94],[0,118,114],[0,118,128],[0,118,129],[0,118,168],[0,119,73],[0,119,139],[0,119,181],[0,119,190],[0,119,200],[0,120,100],[0,122,51],[0,122,62],[0,122,83],[0,122,165],[0,123,75],[0,123,95],[0,123,167],[0,125,138],[0,125,186],[0,127,163],[0,128,0],[0,128,128],[0,129,109],[0,130,100],[0,130,186],[0,132,61],[0,132,202],[0,133,120],[0,133,125],[0,133,155],[0,133,173],[0,133,202],[0,134,117],[0,134,139],[0,134,191],[0,135,68],[0,135,85],[0,138,0],[0,139,0],[0,139,69],[0,139,139],[0,140,149],[0,142,170],[0,144,0],[0,146,188],[0,147,178],[0,149,182],[0,149,183],[0,149,200],[0,150,57],[0,150,94],[0,150,108],[0,150,129],[0,150,143],[0,151,117],[0,151,169],[0,154,68],[0,154,205],[0,154,206],[0,155,119],[0,156,166],[0,156,189],[0,156,222],[0,157,196],[0,158,96],[0,159,77],[0,163,173],[0,163,224],[0,164,153],[0,167,181],[0,168,107],[0,169,206],[0,169,224],[0,171,132],[0,171,142],[0,171,169],[0,174,199],[0,175,102],[0,175,215],[0,175,240],[0,176,139],[0,176,185],[0,177,64],[0,178,169],[0,178,238],[0,179,136],[0,179,152],[0,180,137],[0,181,226],[0,183,79],[0,191,111],[0,191,179],[0,191,255],[0,193,213],[0,195,137],[0,197,205],[0,199,177],[0,204,153],[0,204,204],[0,205,0],[0,205,102],[0,205,205],[0,206,209],[0,229,238],[0,238,0],[0,238,118],[0,238,238],[0,245,255],[0,250,154],[0,255,0],[0,255,127],[0,255,220],[0,255,239],[0,255,255],[1,33,105],[1,50,32],[1,66,106],[1,68,33],[1,120,111],[1,121,111],[2,52,87],[2,102,102],[2,164,211],[2,184,117],[3,3,3],[3,18,15],[3,70,56],[3,80,150],[3,192,60],[4,28,44],[4,30,66],[4,106,56],[5,5,5],[5,17,17],[5,144,51],[5,195,222],[6,3,141],[7,13,9],[7,13,27],[7,29,73],[7,39,45],[7,43,49],[8,8,8],[8,31,44],[8,69,126],[8,120,48],[8,146,208],[8,232,222],[9,184,62],[10,10,10],[10,186,181],[11,218,81],[12,35,64],[13,13,13],[13,82,87],[13,152,186],[14,90,139],[15,15,15],[15,77,146],[15,82,186],[15,192,252],[16,6,159],[16,12,8],[16,24,32],[16,52,166],[16,78,139],[17,87,64],[17,94,103],[17,100,180],[18,10,143],[18,18,18],[18,53,36],[19,20,24],[19,30,41],[19,41,75],[19,50,43],[19,136,8],[20,20,20],[20,27,77],[21,27,23],[21,31,109],[21,71,52],[21,96,189],[22,92,125],[22,160,133],[23,23,23],[23,28,143],[23,35,57],[23,63,53],[23,114,69],[24,48,40],[24,51,47],[24,69,59],[24,116,205],[25,25,112],[25,72,30],[25,89,5],[26,26,26],[26,36,33],[26,179,133],[26,183,234],[26,188,156],[27,54,93],[27,75,33],[27,161,226],[28,28,28],[28,31,42],[28,53,45],[28,57,187],[28,134,238],[28,169,201],[29,37,45],[29,60,52],[29,66,138],[29,79,145],[29,172,214],[30,26,52],[30,34,170],[30,77,43],[30,144,255],[31,31,31],[31,42,68],[31,206,203],[32,21,71],[32,23,71],[32,92,64],[32,178,170],[33,21,81],[33,33,33],[33,35,34],[33,39,33],[33,66,30],[33,87,50],[33,117,155],[33,171,205],[34,28,53],[34,34,35],[34,55,43],[34,136,72],[34,139,34],[35,41,122],[35,97,146],[36,19,95],[36,36,36],[36,39,46],[36,76,90],[37,14,98],[37,40,42],[37,55,70],[37,211,102],[38,38,38],[38,58,117],[38,97,156],[38,208,124],[39,59,226],[39,61,85],[39,64,139],[39,88,181],[39,93,56],[39,153,137],[39,174,96],[40,0,113],[40,42,29],[40,71,52],[40,92,77],[40,97,64],[40,114,79],[40,135,200],[41,41,41],[41,128,185],[41,143,194],[41,171,135],[42,44,31],[42,49,65],[42,82,190],[42,128,0],[42,210,201],[43,43,43],[44,22,8],[44,62,80],[44,82,52],[44,86,151],[44,213,196],[45,41,38],[45,56,58],[45,204,211],[46,0,139],[46,26,71],[46,46,46],[46,139,87],[46,204,113],[47,79,79],[47,96,49],[48,48,48],[48,127,226],[48,186,143],[48,191,191],[48,213,200],[49,38,29],[49,140,231],[49,155,66],[50,18,122],[50,20,20],[50,60,72],[50,74,178],[50,98,149],[50,205,50],[51,0,114],[51,47,33],[51,51,51],[51,63,72],[51,154,204],[51,204,153],[52,58,72],[52,64,52],[52,70,93],[52,73,94],[52,101,127],[52,152,219],[53,55,54],[53,80,97],[53,94,59],[53,146,189],[54,54,54],[54,69,79],[54,74,65],[54,87,59],[54,100,139],[54,117,136],[55,56,40],[55,58,54],[55,61,47],[55,61,49],[56,46,44],[56,47,45],[56,56,56],[56,94,157],[57,85,66],[57,255,20],[58,70,48],[58,93,174],[58,95,205],[58,145,63],[58,166,85],[58,175,133],[59,59,59],[59,62,81],[59,63,66],[59,72,44],[59,89,153],[60,16,83],[60,20,20],[60,30,22],[60,52,31],[60,52,33],[60,179,113],[60,208,112],[60,219,192],[61,43,31],[61,57,53],[61,61,61],[61,68,30],[61,110,63],[62,43,46],[62,61,41],[62,72,39],[62,93,88],[62,177,200],[62,180,137],[63,0,255],[63,32,33],[63,38,191],[63,42,86],[63,68,68],[63,73,82],[63,114,155],[63,255,0],[64,58,96],[64,64,52],[64,64,64],[64,71,77],[64,126,201],[64,130,109],[64,193,172],[64,224,208],[65,0,147],[65,39,59],[65,64,44],[65,72,51],[65,74,76],[65,74,83],[65,102,245],[65,105,225],[65,116,141],[65,125,193],[65,143,222],[65,182,230],[66,63,44],[66,66,66],[66,85,99],[66,109,169],[66,152,181],[67,105,91],[67,110,238],[67,111,148],[67,176,42],[67,179,174],[67,205,128],[68,0,153],[68,55,36],[68,80,58],[68,105,61],[68,108,207],[68,136,62],[68,214,44],[69,53,54],[69,69,69],[69,73,50],[69,77,66],[69,82,56],[69,112,230],[69,139,0],[69,139,116],[69,206,162],[70,89,69],[70,105,111],[70,130,180],[70,152,203],[71,10,104],[71,54,34],[71,55,41],[71,60,139],[71,71,71],[71,77,73],[71,171,204],[71,215,172],[72,6,7],[72,60,50],[72,61,139],[72,92,199],[72,118,255],[72,122,123],[72,162,63],[72,169,197],[72,209,204],[73,121,107],[46,180,230],[73,151,208],[73,197,177],[74,48,65],[74,55,51],[74,65,42],[74,74,74],[74,76,52],[74,112,139],[74,119,41],[74,119,60],[75,0,130],[75,48,72],[75,54,33],[75,56,76],[75,61,42],[75,79,84],[75,83,32],[75,101,74],[75,149,96],[76,42,33],[76,65,132],[76,117,163],[76,140,43],[76,187,23],[77,20,11],[77,77,77],[77,93,83],[77,107,83],[77,140,87],[78,0,142],[78,54,41],[78,73,52],[78,91,49],[78,135,160],[78,160,78],[78,195,224],[78,238,148],[79,44,29],[79,79,79],[79,83,56],[79,105,198],[79,117,139],[79,121,66],[79,134,142],[79,148,205],[80,7,120],[80,43,58],[80,64,77],[80,87,89],[80,125,42],[80,127,112],[80,158,47],[80,166,132],[80,200,120],[81,40,79],[81,42,68],[81,45,109],[81,47,46],[81,70,137],[81,83,74],[81,94,50],[81,104,14],[82,24,250],[82,49,120],[82,71,39],[82,82,82],[82,139,139],[83,31,35],[83,47,21],[83,47,23],[83,75,79],[83,84,53],[83,84,134],[83,86,90],[83,100,55],[83,104,114],[83,104,120],[83,104,149],[83,134,139],[84,59,52],[84,84,84],[84,88,90],[84,94,86],[84,98,35],[84,139,84],[84,255,159],[85,26,139],[85,80,37],[85,85,85],[85,107,47],[85,172,238],[86,3,25],[86,61,130],[86,64,50],[86,82,148],[86,98,110],[87,41,50],[87,44,95],[87,45,45],[87,87,87],[88,44,131],[88,45,64],[88,61,62],[88,68,70],[88,92,59],[88,94,80],[89,39,32],[89,49,95],[89,74,37],[89,84,120],[89,89,89],[89,98,29],[89,203,232],[90,69,34],[90,79,207],[90,135,197],[91,52,39],[91,70,43],[91,98,54],[91,103,112],[91,127,149],[91,146,229],[91,194,231],[92,6,140],[92,61,49],[92,70,43],[92,71,56],[92,78,99],[92,92,92],[92,127,113],[92,136,218],[92,172,238],[92,184,178],[93,40,95],[93,42,44],[93,55,84],[93,57,84],[93,71,119],[93,71,139],[93,75,51],[93,100,57],[93,121,117],[93,138,168],[94,39,81],[94,54,110],[94,75,60],[94,81,77],[94,94,94],[94,103,56],[94,116,97],[94,138,180],[94,140,49],[95,33,103],[95,37,159],[95,143,180],[95,158,160],[95,167,119],[96,61,32],[96,80,220],[96,102,102],[96,110,178],[96,123,139],[96,130,182],[96,169,23],[97,33,65],[97,44,81],[97,47,36],[97,64,81],[97,75,121],[97,79,37],[97,94,155],[97,97,97],[98,52,18],[98,59,42],[98,93,32],[98,181,229],[99,50,49],[99,81,61],[99,81,71],[99,89,57],[99,99,99],[99,102,106],[99,153,174],[99,177,188],[99,183,108],[99,184,255],[100,38,103],[100,47,108],[100,51,53],[100,84,82],[100,86,183],[100,118,135],[100,149,237],[100,167,11],[100,204,201],[101,0,11],[101,29,50],[101,45,193],[101,48,36],[101,49,101],[101,50,121],[101,56,25],[101,67,33],[101,102,53],[101,102,92],[101,141,27],[102,2,60],[102,51,153],[102,56,84],[102,66,40],[102,66,77],[102,67,90],[102,82,51],[102,139,139],[102,153,204],[102,205,0],[102,205,170],[102,221,170],[102,255,0],[103,30,117],[103,33,70],[103,46,69],[103,49,71],[103,66,48],[103,71,54],[103,72,70],[103,76,71],[103,94,51],[103,117,126],[103,130,58],[103,135,183],[104,34,139],[104,40,96],[104,52,49],[104,71,141],[104,91,199],[104,92,32],[104,93,71],[104,110,159],[104,118,129],[104,131,139],[104,210,223],[105,53,156],[105,60,94],[105,63,35],[105,64,36],[105,66,35],[105,89,205],[105,91,36],[105,97,88],[105,105,105],[105,139,34],[105,139,105],[105,179,231],[106,0,255],[106,42,91],[106,44,62],[106,52,96],[106,55,53],[106,90,205],[106,108,107],[106,115,122],[106,133,162],[106,209,227],[107,48,119],[107,53,41],[107,61,46],[107,63,160],[107,67,59],[107,76,76],[107,107,107],[107,142,35],[107,164,184],[107,165,57],[107,187,174],[107,202,186],[108,29,69],[108,84,30],[108,87,27],[108,93,52],[108,123,139],[108,166,124],[108,166,205],[108,172,228],[108,194,74],[108,218,231],[109,32,119],[109,51,50],[109,79,71],[109,113,46],[109,135,100],[109,148,119],[109,205,184],[110,43,98],[110,76,30],[110,98,89],[110,110,110],[110,123,139],[110,124,160],[110,127,128],[110,139,61],[110,206,178],[111,0,255],[111,38,61],[111,44,63],[111,78,55],[111,80,145],[111,117,113],[111,128,84],[111,162,135],[112,28,28],[112,32,130],[112,41,99],[112,47,138],[112,63,42],[112,66,20],[112,66,65],[112,68,55],[112,71,43],[112,112,112],[112,112,204],[112,115,114],[112,128,144],[112,133,115],[113,85,64],[113,92,42],[113,97,53],[113,124,125],[113,153,73],[113,178,201],[113,188,120],[113,197,232],[113,204,152],[113,219,212],[114,34,87],[114,36,108],[114,47,55],[114,115,55],[114,160,193],[115,46,74],[115,46,108],[115,51,128],[115,56,29],[115,79,150],[115,83,29],[115,102,53],[115,106,98],[115,115,115],[115,123,76],[115,134,120],[115,169,194],[115,194,251],[116,79,40],[116,83,28],[116,102,97],[116,108,192],[116,113,54],[116,116,193],[116,153,172],[116,170,80],[116,195,101],[116,209,234],[117,59,189],[117,102,160],[117,117,117],[117,120,123],[117,127,163],[118,35,47],[118,96,138],[118,110,200],[118,134,146],[118,136,29],[118,215,234],[118,238,0],[118,238,198],[118,255,122],[119,37,131],[119,66,18],[119,81,53],[119,110,100],[119,136,153],[119,158,203],[119,197,213],[119,221,119],[120,24,74],[120,47,64],[120,81,169],[120,113,33],[120,120,120],[120,130,165],[120,134,107],[120,155,157],[120,157,74],[120,159,144],[120,190,32],[120,214,75],[121,68,59],[121,75,122],[121,104,120],[121,110,101],[121,127,127],[121,134,60],[121,205,205],[122,55,139],[122,62,58],[122,65,131],[122,103,238],[122,104,85],[122,114,86],[122,117,95],[122,122,122],[122,127,130],[122,137,184],[122,139,139],[122,153,172],[122,154,1],[122,197,205],[122,225,191],[123,17,19],[123,73,49],[123,77,53],[123,100,105],[123,104,238],[123,160,91],[123,164,219],[123,166,222],[123,167,188],[123,175,212],[124,37,41],[124,40,85],[124,58,45],[124,77,58],[124,105,146],[124,127,171],[124,128,52],[124,135,142],[124,185,232],[124,188,224],[124,205,124],[124,224,211],[124,252,0],[125,34,72],[125,38,205],[125,63,22],[125,85,199],[125,98,46],[125,125,125],[125,155,193],[125,161,196],[125,249,255],[126,45,64],[126,84,117],[126,127,116],[126,192,238],[126,212,230],[126,221,211],[127,48,53],[127,127,127],[127,133,129],[127,140,141],[127,156,144],[127,169,174],[127,255,0],[127,255,212],[128,0,0],[128,0,32],[128,0,128],[128,24,24],[128,34,95],[128,39,108],[128,47,45],[128,49,167],[128,55,144],[128,70,27],[128,85,51],[128,128,0],[128,128,128],[128,140,140],[128,148,221],[128,224,167],[129,49,47],[129,96,64],[129,139,141],[129,148,144],[130,59,52],[130,70,175],[130,90,44],[130,122,4],[130,130,130],[130,153,149],[131,0,101],[131,49,119],[131,50,31],[131,57,33],[131,65,44],[131,89,163],[131,93,50],[131,105,83],[131,111,255],[131,112,80],[131,120,111],[131,139,131],[131,139,139],[132,11,85],[132,50,155],[132,52,78],[132,112,255],[132,117,78],[132,132,130],[132,189,0],[133,67,30],[133,113,77],[133,120,116],[133,133,133],[133,176,154],[133,187,101],[134,31,65],[134,38,51],[134,74,51],[134,96,142],[134,100,122],[134,103,97],[134,109,75],[134,200,188],[135,24,157],[135,38,81],[135,38,87],[135,50,96],[135,66,31],[135,75,82],[135,103,79],[135,134,132],[135,135,135],[135,140,180],[135,169,107],[135,206,235],[135,206,250],[135,206,255],[136,45,23],[136,107,37],[136,120,195],[136,139,141],[136,141,48],[136,216,192],[136,219,223],[137,12,88],[137,59,103],[137,60,71],[137,63,69],[137,83,47],[137,104,205],[137,115,34],[137,118,48],[137,122,39],[137,129,61],[137,134,202],[137,141,141],[137,144,100],[137,171,227],[137,207,240],[138,21,56],[138,27,97],[138,42,43],[138,43,226],[138,51,36],[138,57,27],[138,73,107],[138,121,93],[138,123,25],[138,134,133],[138,138,138],[138,141,74],[138,141,143],[138,142,141],[139,0,0],[139,0,139],[139,10,80],[139,26,26],[139,28,98],[139,34,82],[139,35,35],[139,37,0],[139,54,38],[139,58,58],[139,58,98],[139,62,47],[139,69,0],[139,69,19],[139,71,32],[139,71,38],[139,71,93],[139,71,137],[139,76,57],[139,87,66],[139,90,0],[139,90,43],[139,91,41],[139,95,101],[139,99,75],[139,99,108],[139,101,8],[139,102,139],[139,105,20],[139,105,105],[139,111,78],[139,114,190],[139,115,85],[139,117,0],[139,119,101],[139,121,94],[139,123,139],[139,125,107],[139,125,123],[139,126,102],[139,129,76],[139,131,120],[139,131,134],[139,132,215],[139,133,137],[139,134,78],[139,134,128],[139,134,130],[139,136,120],[139,137,112],[139,137,137],[139,139,0],[139,139,122],[139,139,131],[139,140,132],[139,184,232],[139,211,230],[140,71,153],[140,119,50],[140,130,121],[140,133,123],[140,140,140],[140,144,200],[140,146,172],[140,226,208],[141,63,43],[141,110,151],[141,122,105],[141,137,165],[141,144,161],[141,182,0],[141,182,205],[141,185,202],[141,200,232],[141,217,204],[141,238,238],[142,44,72],[142,49,121],[142,58,128],[142,68,173],[142,140,19],[142,144,137],[142,159,188],[142,221,101],[142,229,238],[143,0,255],[143,50,55],[143,71,179],[143,105,58],[143,106,42],[143,126,53],[143,143,143],[143,153,62],[143,171,174],[143,188,143],[143,214,189],[143,216,216],[143,226,176],[144,93,93],[144,99,205],[144,238,144],[145,0,72],[145,44,238],[145,47,70],[145,92,131],[145,95,109],[145,129,81],[145,133,44],[145,145,145],[145,147,136],[145,157,157],[145,163,149],[145,163,176],[145,214,172],[146,39,36],[146,76,46],[146,111,91],[146,146,110],[146,172,160],[146,193,233],[147,39,44],[147,50,142],[147,61,65],[147,64,10],[147,64,84],[147,77,17],[147,109,115],[147,112,219],[147,148,152],[147,197,114],[147,204,234],[147,223,184],[148,0,211],[148,69,11],[148,87,235],[148,96,55],[148,121,93],[148,135,148],[148,139,108],[148,147,0],[148,148,148],[148,154,144],[148,165,150],[148,169,203],[148,183,187],[149,108,88],[149,127,86],[149,146,141],[149,149,210],[149,152,161],[149,165,166],[149,224,232],[150,0,81],[150,56,33],[150,60,189],[150,111,214],[150,113,23],[150,113,38],[150,120,182],[150,120,211],[150,123,182],[150,140,131],[150,150,150],[150,171,172],[150,200,162],[150,205,205],[150,222,209],[151,27,47],[151,140,135],[151,153,155],[151,154,170],[151,215,0],[151,255,255],[152,29,151],[152,72,86],[152,105,96],[152,118,84],[152,119,123],[152,129,123],[152,164,174],[152,166,167],[152,219,206],[152,245,255],[152,251,152],[152,255,152],[153,0,0],[153,30,102],[153,50,204],[153,72,120],[153,85,43],[153,85,187],[153,96,23],[153,101,21],[153,102,102],[153,102,204],[153,122,141],[153,133,66],[153,145,164],[153,153,153],[153,153,204],[153,155,48],[153,186,221],[153,214,234],[154,46,36],[154,50,205],[154,51,36],[154,106,79],[154,118,17],[154,135,0],[154,149,0],[154,185,115],[154,185,173],[154,190,170],[154,192,205],[154,205,50],[154,206,235],[154,219,232],[154,255,154],[155,34,66],[155,38,182],[155,39,67],[155,47,37],[155,48,255],[155,50,89],[155,89,182],[155,90,26],[155,119,147],[155,148,95],[155,184,211],[155,196,226],[155,203,235],[155,205,155],[155,211,221],[155,221,255],[155,227,191],[156,97,105],[156,132,18],[156,156,156],[156,175,136],[156,219,217],[157,34,53],[157,67,44],[157,129,186],[157,150,141],[157,176,172],[157,180,198],[157,224,147],[157,231,215],[158,0,126],[158,42,43],[158,42,47],[158,83,48],[158,91,64],[158,101,46],[158,106,56],[158,151,142],[158,158,158],[158,162,162],[158,162,163],[159,0,255],[159,29,53],[159,92,192],[159,121,238],[159,125,35],[159,129,112],[159,144,89],[159,145,42],[159,173,140],[159,174,229],[159,182,205],[160,32,240],[160,82,45],[160,94,181],[160,116,0],[160,120,90],[160,134,41],[160,146,0],[160,153,88],[160,178,154],[160,209,202],[160,214,180],[160,218,179],[161,86,28],[161,90,149],[161,146,178],[161,161,161],[161,202,241],[161,214,202],[161,216,132],[162,0,37],[162,0,103],[162,119,166],[162,120,156],[162,135,68],[162,142,42],[162,162,208],[162,165,105],[162,170,173],[162,172,171],[162,173,208],[162,178,200],[162,181,205],[162,205,90],[162,228,184],[163,127,116],[163,140,108],[163,147,130],[163,148,125],[163,163,163],[163,170,131],[163,178,164],[163,193,173],[163,199,210],[164,0,0],[164,18,63],[164,52,58],[164,73,61],[164,82,72],[164,90,42],[164,188,194],[164,196,0],[164,198,57],[164,200,225],[164,211,238],[164,214,94],[164,219,232],[164,221,237],[165,0,52],[165,0,80],[165,11,94],[165,24,144],[165,42,42],[165,83,83],[165,110,135],[165,127,178],[165,142,126],[165,146,114],[165,156,148],[165,223,211],[166,9,61],[166,25,46],[166,58,121],[166,85,35],[166,99,27],[166,123,91],[166,159,136],[166,166,166],[166,187,200],[167,43,42],[167,58,100],[167,99,137],[167,102,43],[167,109,17],[167,123,202],[167,162,195],[167,164,224],[167,168,170],[167,172,162],[167,182,185],[167,188,214],[167,189,177],[167,198,237],[167,230,215],[167,252,0],[168,28,7],[168,61,114],[168,153,104],[168,168,168],[168,169,158],[168,173,0],[168,182,147],[168,228,160],[169,32,62],[169,67,30],[169,154,134],[169,169,169],[169,178,195],[169,186,157],[169,196,127],[170,0,97],[170,0,255],[170,128,102],[170,138,0],[170,152,169],[170,157,46],[170,240,209],[171,35,40],[171,78,82],[171,92,87],[171,130,255],[171,150,123],[171,152,157],[171,171,171],[171,173,35],[171,199,202],[171,202,233],[171,205,239],[172,20,90],[172,79,198],[172,132,0],[172,159,60],[172,163,154],[172,172,164],[172,172,230],[172,191,96],[172,225,175],[172,229,238],[173,26,172],[173,100,51],[173,124,89],[173,132,31],[173,150,220],[173,164,0],[173,173,173],[173,202,184],[173,216,230],[173,220,145],[173,223,173],[173,255,47],[174,12,0],[174,32,41],[174,37,115],[174,138,121],[174,198,207],[174,238,238],[175,22,133],[175,39,47],[175,64,53],[175,89,62],[175,92,55],[175,109,4],[175,141,80],[175,149,166],[175,152,0],[175,169,110],[175,169,160],[175,227,19],[175,238,238],[176,0,142],[176,48,96],[176,74,90],[176,101,0],[176,108,150],[176,124,131],[176,170,126],[176,176,176],[176,189,176],[176,196,222],[176,224,230],[176,226,255],[177,85,51],[177,156,217],[177,179,179],[177,192,188],[177,201,232],[177,228,227],[178,34,34],[178,58,238],[178,136,185],[178,166,140],[178,168,162],[178,180,178],[178,190,181],[178,223,238],[178,236,93],[178,255,255],[179,27,27],[179,59,36],[179,61,38],[179,68,108],[179,105,36],[179,139,109],[179,155,0],[179,158,181],[179,163,105],[179,176,196],[179,179,179],[179,185,149],[179,238,58],[180,82,205],[180,106,85],[180,107,122],[180,126,0],[180,142,93],[180,169,31],[180,181,223],[180,205,205],[180,238,180],[181,31,17],[181,37,85],[181,51,137],[181,92,128],[181,101,29],[181,114,129],[181,128,209],[181,129,80],[181,129,89],[181,133,0],[181,166,66],[181,179,92],[181,181,181],[181,189,0],[181,227,216],[182,102,210],[182,114,51],[182,173,165],[182,184,220],[182,207,208],[183,49,44],[183,65,14],[183,110,121],[183,119,41],[183,132,167],[183,135,39],[183,139,32],[183,169,154],[183,176,156],[183,180,171],[183,191,16],[183,201,211],[183,205,194],[183,206,149],[183,221,121],[184,58,75],[184,97,37],[184,115,51],[184,132,203],[184,134,11],[184,157,24],[184,183,163],[184,184,184],[184,204,234],[184,221,225],[185,43,39],[185,71,0],[185,78,72],[185,132,92],[185,151,91],[185,177,156],[185,211,220],[185,211,238],[185,217,235],[185,220,210],[186,12,47],[186,22,12],[186,85,211],[186,88,38],[186,156,197],[186,178,165],[186,184,108],[186,186,186],[186,187,177],[186,188,22],[186,189,139],[186,197,185],[187,22,163],[187,41,187],[187,51,133],[187,101,40],[187,166,0],[187,179,35],[187,188,188],[187,197,146],[187,199,214],[187,221,230],[187,255,255],[188,32,75],[188,119,86],[188,138,126],[188,143,143],[188,152,126],[188,201,197],[188,209,155],[188,210,238],[188,212,230],[188,225,148],[188,238,104],[189,8,28],[189,51,164],[189,71,42],[189,136,70],[189,155,96],[189,183,107],[189,189,189],[189,195,199],[189,197,219],[189,214,230],[189,218,87],[190,0,50],[190,58,52],[190,77,0],[190,83,28],[190,106,20],[190,132,163],[190,190,190],[190,198,196],[190,230,75],[191,0,255],[191,13,62],[191,62,255],[191,143,204],[191,148,116],[191,148,228],[191,155,222],[191,165,184],[191,184,0],[191,184,175],[191,187,152],[191,187,178],[191,191,191],[191,204,128],[191,206,194],[191,206,214],[191,239,255],[191,255,0],[192,57,43],[192,64,0],[192,76,54],[192,81,49],[192,125,89],[192,128,129],[192,156,131],[192,163,146],[192,181,97],[192,187,135],[192,192,192],[192,255,62],[193,84,193],[193,103,132],[193,108,24],[193,154,107],[193,160,30],[193,160,218],[193,167,226],[193,178,182],[193,198,200],[193,205,193],[193,205,205],[193,255,193],[194,59,34],[194,110,96],[194,178,128],[194,194,194],[194,225,137],[195,33,72],[195,176,145],[195,198,168],[195,205,230],[195,215,238],[196,29,10],[196,30,58],[196,98,45],[196,132,144],[196,164,167],[196,176,0],[196,178,0],[196,188,183],[196,191,182],[196,195,208],[196,196,196],[196,214,0],[196,214,164],[196,218,153],[197,0,62],[197,41,155],[197,75,140],[197,139,104],[197,169,0],[197,179,88],[197,180,227],[197,183,131],[197,185,172],[197,207,218],[197,225,122],[197,232,108],[198,0,126],[198,45,66],[198,53,39],[198,54,99],[198,87,154],[198,110,78],[198,125,48],[198,133,143],[198,137,63],[198,146,20],[198,161,207],[198,169,146],[198,170,118],[198,176,188],[198,180,144],[198,188,208],[198,196,210],[198,197,202],[198,200,155],[198,214,227],[198,218,231],[198,226,255],[199,21,133],[199,36,177],[199,171,132],[199,199,199],[199,201,164],[199,201,199],[200,0,161],[200,8,21],[200,16,46],[200,80,155],[200,130,66],[200,138,101],[200,162,200],[200,193,177],[200,200,205],[200,201,199],[200,216,235],[201,0,22],[201,100,207],[201,128,158],[201,139,219],[201,150,182],[201,151,0],[201,160,220],[201,177,208],[201,192,187],[201,201,201],[201,213,209],[201,220,135],[202,44,146],[202,52,53],[202,154,142],[202,162,221],[202,182,75],[202,199,167],[202,225,255],[202,255,112],[203,44,48],[203,51,59],[203,65,11],[203,65,84],[203,96,21],[203,153,201],[203,160,82],[203,161,53],[203,163,216],[203,196,188],[203,199,147],[203,211,235],[204,0,0],[204,0,204],[204,51,51],[204,51,54],[204,71,75],[204,78,92],[204,85,0],[204,85,61],[204,102,102],[204,119,34],[204,136,153],[204,138,0],[204,161,166],[204,174,208],[204,204,204],[204,204,255],[204,255,0],[205,0,0],[205,0,205],[205,16,118],[205,32,31],[205,38,38],[205,41,144],[205,50,120],[205,51,51],[205,55,0],[205,79,57],[205,84,91],[205,85,85],[205,87,0],[205,91,69],[205,92,92],[205,96,144],[205,102,0],[205,102,29],[205,104,57],[205,104,137],[205,105,201],[205,112,84],[205,121,37],[205,127,50],[205,129,98],[205,133,0],[205,133,63],[205,140,149],[205,145,158],[205,149,12],[205,149,117],[205,150,205],[205,155,29],[205,155,155],[205,160,119],[205,167,136],[205,170,125],[205,173,0],[205,175,149],[205,179,139],[205,181,167],[205,181,205],[205,183,158],[205,183,181],[205,186,150],[205,190,112],[205,192,176],[205,193,197],[205,197,191],[205,198,115],[205,200,177],[205,201,165],[205,201,201],[205,205,0],[205,205,180],[205,205,193],[205,234,128],[206,0,55],[206,0,86],[206,0,88],[206,15,105],[206,32,41],[206,152,26],[206,184,136],[206,217,229],[206,220,0],[207,16,32],[207,69,32],[207,113,175],[207,127,0],[207,176,35],[207,181,0],[207,181,59],[207,196,147],[207,207,196],[207,207,207],[207,216,221],[208,0,111],[208,32,144],[208,161,186],[208,190,199],[208,196,197],[208,200,131],[208,208,206],[208,209,171],[208,211,212],[208,222,187],[208,223,0],[208,240,192],[209,65,36],[209,95,238],[209,144,0],[209,159,232],[209,204,189],[209,209,209],[209,221,230],[209,224,215],[209,226,49],[209,238,238],[210,38,48],[210,91,115],[210,105,30],[210,125,70],[210,159,19],[210,180,140],[210,206,158],[210,215,85],[211,0,63],[211,34,0],[211,84,0],[211,130,53],[211,131,43],[211,187,168],[211,188,141],[211,192,205],[211,211,211],[212,0,0],[212,93,0],[212,139,200],[212,181,158],[212,195,4],[212,212,212],[212,235,142],[213,0,50],[213,57,181],[213,120,0],[213,146,170],[213,158,215],[213,162,134],[213,194,216],[213,203,159],[214,37,152],[214,45,32],[214,138,89],[214,147,138],[214,154,45],[214,164,97],[214,174,221],[214,191,221],[214,201,202],[214,202,221],[214,207,141],[214,210,196],[214,214,214],[215,0,64],[215,10,83],[215,24,104],[215,59,62],[215,136,37],[215,163,171],[215,169,227],[215,185,228],[215,196,183],[215,198,230],[215,200,38],[215,210,203],[216,0,115],[216,96,24],[216,191,216],[216,200,209],[216,215,223],[216,239,171],[217,0,76],[217,33,33],[217,108,190],[217,130,181],[217,134,186],[217,144,88],[217,154,108],[217,180,143],[217,199,86],[217,200,158],[217,214,207],[217,217,214],[217,217,217],[217,225,226],[217,230,80],[218,24,132],[218,29,129],[218,41,28],[218,50,135],[218,85,47],[218,112,214],[218,138,103],[218,145,0],[218,165,32],[218,165,173],[218,170,0],[219,62,177],[219,80,121],[219,112,147],[219,134,78],[219,138,6],[219,183,187],[219,200,182],[219,204,165],[219,205,211],[219,215,210],[219,219,219],[219,222,112],[219,226,233],[219,228,66],[219,229,104],[220,20,60],[220,68,5],[220,88,42],[220,107,47],[220,134,51],[220,134,153],[220,169,191],[220,182,201],[220,191,166],[220,208,255],[220,213,154],[220,220,220],[221,75,57],[221,127,211],[221,156,223],[221,160,221],[221,164,111],[221,173,175],[221,188,176],[221,203,164],[221,218,232],[221,229,237],[222,49,99],[222,93,131],[222,111,161],[222,124,0],[222,166,129],[222,170,136],[222,184,135],[222,190,210],[222,194,110],[222,205,99],[222,222,222],[223,0,255],[223,25,149],[223,32,41],[223,70,97],[223,115,255],[223,160,201],[223,194,195],[223,200,231],[223,203,168],[223,209,167],[224,0,77],[224,17,95],[224,60,49],[224,62,82],[224,69,123],[224,78,57],[224,98,135],[224,102,255],[224,126,60],[224,141,60],[224,159,105],[224,176,255],[224,192,159],[224,198,173],[224,219,227],[224,224,224],[224,226,124],[224,231,33],[224,238,224],[224,238,238],[224,255,255],[225,0,152],[225,44,44],[225,82,61],[225,142,150],[225,169,95],[225,173,33],[225,183,167],[225,184,127],[225,187,180],[225,205,0],[225,213,85],[225,224,0],[226,6,44],[226,69,133],[226,80,152],[226,88,34],[226,114,91],[226,119,205],[226,156,210],[226,172,215],[226,188,203],[226,194,147],[226,232,104],[227,0,34],[227,11,92],[227,11,93],[227,28,121],[227,37,107],[227,38,54],[227,66,52],[227,82,5],[227,168,87],[227,200,0],[227,200,216],[227,207,183],[227,218,201],[227,227,227],[227,228,141],[227,233,53],[228,0,43],[228,0,70],[228,51,1],[228,93,191],[228,113,122],[228,132,0],[228,155,15],[228,169,187],[228,190,195],[228,198,212],[228,208,10],[228,213,211],[228,215,126],[228,217,111],[229,20,0],[229,43,80],[229,106,84],[229,109,177],[229,114,0],[229,144,115],[229,155,220],[229,158,109],[229,170,112],[229,183,59],[229,186,193],[229,206,219],[229,225,230],[229,228,226],[229,229,229],[230,32,32],[230,46,107],[230,103,113],[230,103,206],[230,115,92],[230,126,34],[230,134,153],[230,143,172],[230,166,93],[230,186,168],[230,188,92],[230,188,216],[230,190,138],[230,190,221],[230,222,119],[230,226,0],[230,230,250],[230,232,250],[231,76,60],[231,84,128],[231,114,0],[231,130,169],[231,172,207],[231,183,138],[231,186,228],[231,254,255],[232,0,13],[232,119,34],[232,146,124],[232,156,174],[232,179,195],[232,232,232],[233,60,172],[233,68,0],[233,105,44],[233,116,81],[233,150,122],[233,162,178],[233,196,199],[233,205,208],[233,214,107],[233,223,151],[233,225,134],[233,236,107],[234,39,194],[234,76,137],[234,118,0],[234,167,148],[234,170,0],[234,184,228],[234,190,176],[234,190,219],[234,211,226],[234,218,36],[234,224,200],[235,73,36],[235,76,66],[235,111,189],[235,176,215],[235,190,203],[235,198,223],[235,228,154],[235,235,235],[236,59,131],[236,134,208],[236,161,84],[236,177,118],[236,178,166],[236,179,203],[236,186,168],[236,195,178],[236,199,205],[236,213,64],[236,216,152],[236,232,26],[236,235,189],[237,10,63],[237,135,45],[237,139,0],[237,145,33],[237,200,163],[237,201,175],[237,224,75],[237,233,57],[237,237,237],[237,242,248],[238,0,0],[238,0,238],[238,18,137],[238,39,55],[238,44,44],[238,48,167],[238,58,140],[238,59,59],[238,64,0],[238,92,66],[238,99,99],[238,106,80],[238,106,167],[238,118,0],[238,118,33],[238,121,66],[238,121,159],[238,122,233],[238,130,98],[238,130,238],[238,149,114],[238,154,0],[238,154,73],[238,162,173],[238,169,184],[238,173,14],[238,174,238],[238,180,34],[238,180,180],[238,197,145],[238,201,0],[238,203,173],[238,207,161],[238,210,238],[238,212,132],[238,213,183],[238,213,210],[238,216,174],[238,217,196],[238,218,234],[238,220,0],[238,220,130],[238,221,130],[238,221,175],[238,223,204],[238,224,229],[238,229,222],[238,230,0],[238,230,133],[238,232,170],[238,232,205],[238,233,191],[238,233,233],[238,238,0],[238,238,209],[238,238,224],[239,48,56],[239,51,64],[239,66,111],[239,74,129],[239,96,121],[239,108,0],[239,149,207],[239,152,170],[239,186,225],[239,190,125],[239,209,159],[239,219,178],[239,222,205],[239,223,0],[240,78,152],[240,128,128],[240,145,169],[240,163,10],[240,179,35],[240,191,155],[240,214,177],[240,220,130],[240,225,48],[240,230,140],[240,232,123],[240,233,145],[240,234,214],[240,236,116],[240,240,240],[240,248,255],[240,255,240],[240,255,255],[241,167,220],[241,178,220],[241,180,52],[241,189,200],[241,190,72],[241,196,0],[241,196,15],[241,198,167],[241,199,161],[241,230,178],[241,231,136],[241,235,156],[242,119,198],[242,133,0],[242,169,0],[242,172,185],[242,186,73],[242,198,73],[242,198,207],[242,199,92],[242,205,0],[242,212,215],[242,240,161],[242,242,242],[242,243,244],[243,156,18],[243,207,179],[243,208,62],[243,213,78],[243,221,109],[243,229,0],[243,229,171],[243,234,93],[244,0,161],[244,54,76],[244,114,208],[244,154,194],[244,164,96],[244,166,215],[244,187,255],[244,194,194],[244,195,204],[244,196,48],[244,205,212],[244,218,64],[244,240,236],[245,105,145],[245,126,182],[245,155,187],[245,171,48],[245,182,205],[245,202,134],[245,218,223],[245,222,179],[245,225,164],[245,245,220],[245,245,245],[245,255,250],[246,74,138],[246,82,117],[246,83,166],[246,117,153],[246,141,46],[246,173,198],[246,190,0],[246,235,97],[247,70,138],[247,83,148],[247,127,190],[247,143,167],[247,163,142],[247,206,215],[247,209,0],[247,233,142],[247,234,72],[247,247,247],[248,70,3],[248,72,94],[248,131,121],[248,144,165],[248,163,188],[248,213,104],[248,222,126],[248,224,142],[248,244,255],[248,248,255],[248,249,243],[249,56,34],[249,66,58],[249,66,158],[249,72,119],[249,77,0],[249,132,229],[249,132,239],[249,159,201],[249,181,196],[249,229,71],[250,70,22],[250,104,0],[250,128,114],[250,187,203],[250,204,127],[250,214,165],[250,218,94],[250,218,221],[250,223,173],[250,224,83],[250,231,181],[250,235,215],[250,240,190],[250,240,230],[250,250,55],[250,250,210],[250,250,250],[251,43,17],[251,96,127],[251,99,126],[251,160,227],[251,174,210],[251,204,231],[251,206,177],[251,216,114],[251,219,101],[251,221,64],[251,225,34],[251,231,178],[252,232,131],[251,236,93],[251,254,235],[252,15,192],[252,72,39],[252,76,2],[252,108,133],[252,116,253],[252,128,165],[252,137,172],[252,142,172],[252,155,179],[252,174,187],[252,175,192],[252,194,0],[252,200,155],[252,206,22],[252,210,153],[252,214,103],[252,227,0],[252,247,94],[252,252,252],[253,14,53],[253,94,83],[253,170,99],[253,188,180],[253,190,135],[253,208,134],[253,210,110],[253,211,29],[253,213,177],[253,215,87],[253,215,228],[253,218,36],[253,221,230],[253,238,0],[253,245,230],[253,251,210],[253,253,150],[254,40,162],[254,71,40],[254,76,64],[254,78,218],[254,80,0],[254,89,194],[254,111,94],[254,173,119],[254,186,173],[254,193,16],[254,203,139],[254,209,65],[254,216,93],[254,219,0],[254,221,0],[254,254,34],[255,0,0],[255,0,40],[255,0,56],[255,0,63],[255,0,64],[255,0,79],[255,0,127],[255,0,132],[255,0,255],[255,3,62],[255,8,0],[255,20,147],[255,29,206],[255,32,82],[255,36,0],[255,40,0],[255,48,48],[255,51,153],[255,51,204],[255,52,179],[255,53,94],[255,56,0],[255,62,150],[255,62,181],[255,64,64],[255,67,164],[255,69,0],[255,79,0],[255,63,52],[255,83,73],[255,85,163],[255,87,0],[255,88,93],[255,90,54],[255,92,57],[255,94,0],[255,99,71],[255,102,0],[255,102,204],[255,103,0],[255,103,31],[255,104,31],[255,105,0],[255,105,97],[255,105,180],[255,106,19],[255,106,57],[255,106,106],[255,110,74],[255,110,180],[255,111,255],[255,114,86],[255,114,118],[255,117,24],[255,119,255],[255,127,0],[255,127,36],[255,127,50],[255,127,65],[255,112,52],[255,127,80],[255,128,139],[255,130,0],[255,130,67],[255,130,71],[255,130,171],[255,131,250],[255,134,116],[255,136,100],[255,140,0],[255,140,105],[255,141,109],[255,141,161],[255,143,0],[255,143,28],[255,145,164],[255,150,22],[255,153,51],[255,153,102],[255,153,128],[255,153,153],[255,157,110],[255,158,27],[255,159,0],[255,160,106],[255,160,122],[255,160,137],[255,163,0],[255,163,67],[255,163,139],[255,163,181],[255,165,0],[255,165,79],[255,166,201],[255,167,0],[255,168,18],[255,170,77],[255,174,66],[255,174,98],[255,174,185],[255,177,187],[255,178,91],[255,179,0],[255,179,71],[255,179,171],[255,181,0],[255,181,73],[255,181,197],[255,182,193],[255,183,197],[255,183,213],[255,184,28],[255,185,15],[255,185,123],[255,185,144],[255,186,0],[255,187,255],[255,188,217],[255,189,136],[255,190,159],[255,191,0],[255,191,63],[255,192,203],[255,193,37],[255,193,193],[255,193,204],[255,194,123],[255,196,12],[255,197,110],[255,198,0],[255,198,88],[255,199,44],[255,200,69],[255,200,124],[255,203,0],[255,203,164],[255,204,0],[255,204,51],[255,205,0],[255,209,0],[255,209,220],[255,211,155],[255,215,0],[255,216,0],[255,217,0],[255,218,185],[255,219,88],[255,222,173],[255,223,0],[255,225,53],[255,225,255],[255,228,181],[255,228,196],[255,228,225],[255,229,180],[255,231,186],[255,233,0],[255,235,0],[255,235,205],[255,236,139],[255,239,0],[255,239,213],[255,239,219],[255,240,245],[255,244,79],[255,245,238],[255,246,0],[255,246,143],[255,247,0],[255,248,220],[255,248,231],[255,250,205],[255,250,240],[255,250,250],[255,252,0],[255,253,208],[255,255,0],[255,255,49],[255,255,102],[255,255,153],[255,255,159],[255,255,224],[255,255,237],[255,255,240],[255,255,255]])
    # 2016-09-03 19:41 (local time) rgbcsv2rgbarray.py rgb_combined_v05.csv.txt output 2790 rows.
    HexNameDict = { ""#000000"":""black"",""#000080"":""navy"",""#00008B"":""blue4"",""#00009C"":""Duke blue"",""#0000CD"":""MediumBlue"",""#0000EE"":""blue2"",""#0000FF"":""blue"",""#000F89"":""Phthalo blue"",""#001068"":""Blue FS 15056"",""#001489"":""Pantone Reflex Blue C"",""#0014A8"":""Zaffre"",""#001871"":""Pantone 2748 C"",""#001A70"":""Pantone 662 C"",""#001A72"":""Pantone 2747 C"",""#001E60"":""Pantone 2757 C"",""#001E62"":""Pantone 2758 C"",""#00205B"":""Pantone 281 C"",""#002147"":""Oxford Blue"",""#00239C"":""Pantone Dark Blue C"",""#002554"":""Pantone 655 C"",""#00263A"":""Pantone 539 C"",""#00263E"":""Pantone 2965 C"",""#002855"":""Pantone 295 C"",""#002A3A"":""Pantone 303 C"",""#002B49"":""Pantone 7463 C"",""#002D72"":""Pantone 288 C"",""#002E5D"":""Pantone 648 C"",""#002E63"":""Cool black"",""#002F6C"":""Pantone 294 C"",""#002FA7"":""International Klein Blue"",""#003057"":""Pantone 540 C"",""#003087"":""Pantone 287 C"",""#00313C"":""Pantone 547 C"",""#003153"":""Prussian blue"",""#003366"":""Dark midnight blue"",""#003399"":""Smalt"",""#0033A0"":""Pantone 286 C"",""#0033AA"":""UA blue"",""#003594"":""Pantone 661 C"",""#003865"":""Pantone 2955 C"",""#0038A8"":""Royal azure"",""#003A70"":""Pantone 654 C"",""#003B49"":""Pantone 309 C"",""#003B5C"":""Pantone 302 C"",""#003BB2"":""Amazon Blue"",""#003C71"":""Pantone 541 C"",""#003D4C"":""Pantone 548 C"",""#003DA5"":""Pantone 293 C"",""#003E51"":""Pantone 3035 C"",""#004040"":""Rich black"",""#004225"":""British racing green"",""#004242"":""Warm black"",""#00468C"":""Crayola Midnight Blue"",""#0047AB"":""Cobalt"",""#0047BB"":""Pantone 2728 C"",""#004851"":""Pantone 316 C"",""#004953"":""Midnight green"",""#004976"":""Pantone 7693 C"",""#004B49"":""Deep jungle green"",""#004B87"":""Pantone 301 C"",""#004C45"":""Pantone 3302 C"",""#004C97"":""Pantone 2945 C"",""#004E42"":""Pantone 3305 C"",""#004F59"":""Pantone 3165 C"",""#004F71"":""Pantone 3025 C"",""#004F98"":""US Air Force Academy Blue"",""#0050EF"":""Metro Cobalt"",""#005151"":""Pantone 7722 C"",""#00534C"":""Pantone 330 C"",""#0054B4"":""Medium teal blue"",""#005587"":""Pantone 7692 C"",""#00558C"":""Pantone 7462 C"",""#00563F"":""Sacramento State green"",""#005670"":""Pantone 7708 C"",""#00573F"":""Pantone 7484 C"",""#005776"":""Pantone 7701 C"",""#0057B8"":""Pantone 2935 C"",""#0057E7"":""Google Blue"",""#005844"":""Pantone 7729 C"",""#00587C"":""Pantone 308 C"",""#00594C"":""Pantone 561 C"",""#00594F"":""Pantone 3292 C"",""#005A70"":""Pantone 7470 C"",""#005E5D"":""Pantone 7721 C"",""#005EB8"":""Pantone 300 C"",""#005F61"":""Pantone 323 C"",""#005F83"":""Pantone 634 C"",""#005F86"":""Pantone 7469 C"",""#00617F"":""Pantone 7707 C"",""#006269"":""Pantone 7715 C"",""#006272"":""Pantone 3155 C"",""#006298"":""Pantone 7691 C"",""#00629B"":""Pantone 3015 C"",""#006341"":""Pantone 3425 C"",""#00635B"":""Pantone 7720 C"",""#006400"":""DarkGreen"",""#006600"":""Pakistan green"",""#00664F"":""Pantone 336 C"",""#0066CC"":""Crayola Navy Blue"",""#0066FF"":""Crayola Blue (III)"",""#006747"":""Pantone 342 C"",""#00677F"":""Pantone 315 C"",""#0067A0"":""Pantone 641 C"",""#0067A5"":""Medium Persian blue"",""#006845"":""Pantone 7728 C"",""#00685E"":""Pantone 329 C"",""#00688B"":""DeepSkyBlue4"",""#00693E"":""Dartmouth green"",""#006994"":""Sea blue"",""#006A4E"":""Bottle green"",""#006A52"":""Pantone 3298 C"",""#006A8E"":""Pantone 7706 C"",""#006B3C"":""Cadmium green"",""#006BA6"":""Pantone 307 C"",""#006C5B"":""Pantone 568 C"",""#006D5B"":""Teal green"",""#006D68"":""Pantone 7719 C"",""#006F44"":""Pantone 7727 C"",""#006F62"":""Pantone 562 C"",""#007041"":""Pantone 7733 C"",""#007096"":""Pantone 7705 C"",""#0070FF"":""Brandeis blue"",""#0072BB"":""French blue"",""#0072CE"":""Pantone 285 C"",""#007367"":""Pantone 328 C"",""#007377"":""Pantone 322 C"",""#007396"":""Pantone 633 C"",""#007398"":""Pantone 7468 C"",""#0073CF"":""True Blue"",""#007474"":""Skobeloff"",""#00755E"":""Crayola Tropical Rain Forest"",""#007672"":""Pantone 7718 C"",""#007680"":""Pantone 7714 C"",""#007681"":""Pantone 7474 C"",""#0076A8"":""Pantone 7690 C"",""#007749"":""Pantone 3415 C"",""#00778B"":""Pantone 3145 C"",""#0077B5"":""LinkedIn blue"",""#0077BE"":""Ocean Boat Blue"",""#0077C8"":""Pantone 3005 C"",""#007864"":""Pantone 3295 C"",""#007A33"":""Pantone 356 C"",""#007A3E"":""Pantone 7732 C"",""#007A53"":""Pantone 341 C"",""#007AA5"":""CG Blue"",""#007B4B"":""Pantone 7726 C"",""#007B5F"":""Pantone 335 C"",""#007BA7"":""Cerulean"",""#007D8A"":""Pantone 7713 C"",""#007DBA"":""Pantone 7461 C"",""#007FA3"":""Pantone 314 C"",""#008000"":""green (SVG)"",""#008080"":""teal"",""#00816D"":""Pantone 569 C"",""#008264"":""Pantone 3288 C"",""#0082BA"":""Pantone 640 C"",""#00843D"":""Pantone 348 C"",""#0084CA"":""Pantone Medium Blue C"",""#008578"":""Pantone 3282 C"",""#00857D"":""Pantone 7717 C"",""#00859B"":""Pantone 7712 C"",""#0085AD"":""Pantone 7704 C"",""#0085CA"":""Pantone Process Blue C"",""#008675"":""Pantone 327 C"",""#00868B"":""turquoise4"",""#0086BF"":""Pantone 7460 C"",""#008744"":""Google Green"",""#008755"":""Pantone 7725 C"",""#008A00"":""Metro Emerald"",""#008B00"":""green4"",""#008B45"":""SpringGreen4"",""#008B8B"":""DarkCyan"",""#008C95"":""Pantone 321 C"",""#008EAA"":""Pantone 3135 C"",""#009000"":""Islamic green"",""#0092BC"":""Pantone 313 C"",""#0093B2"":""Pantone 632 C"",""#0095B6"":""Bondi blue"",""#0095B7"":""Crayola Blue-Green"",""#0095C8"":""Pantone 639 C"",""#009639"":""Pantone 355 C"",""#00965E"":""Pantone 340 C"",""#00966C"":""Pantone 7724 C"",""#009681"":""Pantone 3285 C"",""#00968F"":""Pantone 7716 C"",""#009775"":""Pantone 334 C"",""#0097A9"":""Pantone 7711 C"",""#009A44"":""Pantone 347 C"",""#009ACD"":""DeepSkyBlue3"",""#009ACE"":""Pantone 801 C"",""#009B77"":""Pantone 3278 C"",""#009CA6"":""Pantone 320 C"",""#009CBD"":""Pantone 7703 C"",""#009CDE"":""Pantone 2925 C"",""#009DC4"":""Crayola Pacific Blue"",""#009E60"":""Shamrock green"",""#009F4D"":""Pantone 7482 C"",""#00A3AD"":""Pantone 7467 C"",""#00A3E0"":""Pantone 299 C"",""#00A499"":""Pantone 3272 C"",""#00A7B5"":""Pantone 7710 C"",""#00A86B"":""Jade"",""#00A9CE"":""Pantone 312 C"",""#00A9E0"":""Pantone 2995 C"",""#00AB84"":""Pantone Green C"",""#00AB8E"":""Pantone 3268 C"",""#00ABA9"":""Metro Teal"",""#00AEC7"":""Pantone 3125 C"",""#00AF66"":""Pantone 3405 C"",""#00AFD7"":""Pantone 638 C"",""#00AFF0"":""Skype green"",""#00B08B"":""Pantone Bright Green C"",""#00B0B9"":""Pantone 7466 C"",""#00B140"":""Pantone 354 C"",""#00B2A9"":""Pantone 326 C"",""#00B2EE"":""DeepSkyBlue2"",""#00B388"":""Pantone 339 C"",""#00B398"":""Pantone 3275 C"",""#00B489"":""Vine green"",""#00B5E2"":""Pantone 306 C"",""#00B74F"":""Pantone 7481 C"",""#00BF6F"":""Pantone 7480 C"",""#00BFB3"":""Pantone 3262 C"",""#00BFFF"":""DeepSkyBlue"",""#00C1D5"":""Pantone 3115 C"",""#00C389"":""Pantone 3395 C"",""#00C5CD"":""turquoise3"",""#00C7B1"":""Pantone 3265 C"",""#00CC99"":""Crayola Caribbean Green"",""#00CCCC"":""Crayola Robin's Egg Blue"",""#00CD00"":""green3"",""#00CD66"":""SpringGreen3"",""#00CDCD"":""cyan3"",""#00CED1"":""DarkTurquoise"",""#00E5EE"":""turquoise2"",""#00EE00"":""green2"",""#00EE76"":""SpringGreen2"",""#00EEEE"":""cyan2"",""#00F5FF"":""turquoise1"",""#00FA9A"":""MediumSpringGreen"",""#00FF00"":""lime"",""#00FF7F"":""SpringGreen"",""#00FFDC"":""Amazon Aqua"",""#00FFEF"":""Turquoise blue"",""#00FFFF"":""aqua"",""#012169"":""Pantone 280 C"",""#013220"":""Dark green"",""#01426A"":""Pantone 7694 C"",""#014421"":""UP Forest green"",""#01786F"":""Crayola Pine Green"",""#01796F"":""Pine green"",""#023457"":""Dark Blue FS 15102"",""#026666"":""gray40"",""#02A4D3"":""Crayola Cerulean"",""#02B875"":""Medium green"",""#030303"":""gray1"",""#03120F"":""Purple FS 17100"",""#034638"":""Pantone 3308 C"",""#035096"":""Medium electric blue"",""#03C03C"":""Dark pastel green"",""#041C2C"":""Pantone 296 C"",""#041E42"":""Pantone 282 C"",""#046A38"":""Pantone 349 C"",""#050505"":""gray2"",""#051111"":""Black FS 27038"",""#059033"":""North Texas Green"",""#05C3DE"":""Pantone 311 C"",""#06038D"":""Pantone 2738 C"",""#070D09"":""Sea Blue FS 15042"",""#070D1B"":""Blue Angels Blue FS 15050"",""#071D49"":""Pantone 2768 C"",""#07272D"":""Pantone 5463 C"",""#072B31"":""Pantone 546 C"",""#080808"":""gray3"",""#081F2C"":""Pantone 5395 C"",""#08457E"":""Dark cerulean"",""#087830"":""La Salle Green"",""#0892D0"":""Rich electric blue"",""#08E8DE"":""Bright turquoise"",""#09B83E"":""WeChat green"",""#0A0A0A"":""gray4"",""#0ABAB5"":""Tiffany Blue"",""#0BDA51"":""Malachite"",""#0C2340"":""Pantone 289 C"",""#0D0D0D"":""gray5"",""#0D5257"":""Pantone 7476 C"",""#0D98BA"":""Blue green"",""#0E5A8B"":""Bright Blue FS 15183"",""#0F0F0F"":""gray6"",""#0F4D92"":""Yale Blue"",""#0F52BA"":""Sapphire"",""#0FC0FC"":""Spiro Disco Ball"",""#10069F"":""Pantone Blue 072 C"",""#100C08"":""Smoky black"",""#101820"":""Pantone Black 6 C"",""#1034A6"":""Egyptian blue"",""#104E8B"":""DodgerBlue4"",""#115740"":""Pantone 343 C"",""#115E67"":""Pantone 5473 C"",""#1164B4"":""Green Blue"",""#120A8F"":""Ultramarine"",""#121212"":""gray7"",""#123524"":""Phthalo green"",""#131418"":""Behance black"",""#131E29"":""Pantone 7547 C"",""#13294B"":""Pantone 2767 C"",""#13322B"":""Pantone 627 C"",""#138808"":""India green"",""#141414"":""gray8"",""#141B4D"":""Pantone 2766 C"",""#151B17"":""Sea Blue FS 35042"",""#151F6D"":""Pantone 2756 C"",""#154734"":""Pantone 3435 C"",""#1560BD"":""Crayola Denim"",""#165C7D"":""Pantone 7700 C"",""#16A085"":""Material Flat Greensea"",""#171717"":""gray9"",""#171C8F"":""Pantone 2746 C"",""#172339"":""Gray FS 26044"",""#173F35"":""Pantone 567 C"",""#177245"":""Dark spring green"",""#183028"":""Pantone 5535 C"",""#18332F"":""Pantone 5467 C"",""#18453B"":""MSU Green"",""#1874CD"":""DodgerBlue3"",""#191970"":""MidnightBlue"",""#19481E"":""Green FS 34138"",""#195905"":""Lincoln green"",""#1A1A1A"":""gray10"",""#1A2421"":""Dark jungle green"",""#1AB385"":""Crayola Mountain Meadow"",""#1AB7EA"":""Vimeo"",""#1ABC9C"":""Material Flat Turquoise"",""#1B365D"":""Pantone 534 C"",""#1B4B21"":""Medium Green FS 34108"",""#1BA1E2"":""Metro Cyan"",""#1C1C1C"":""gray11"",""#1C1F2A"":""Pantone 532 C"",""#1C352D"":""Medium jungle green"",""#1C39BB"":""Persian blue"",""#1C86EE"":""DodgerBlue2"",""#1CA9C9"":""Pacific Blue"",""#1D252D"":""Pantone 433 C"",""#1D3C34"":""Pantone 560 C"",""#1D428A"":""Pantone 7687 C"",""#1D4F91"":""Pantone 7686 C"",""#1DACD6"":""Bright cerulean"",""#1E1A34"":""Pantone 5255 C"",""#1E22AA"":""Pantone 2736 C"",""#1E4D2B"":""Cal Poly Pomona green"",""#1E90FF"":""DodgerBlue"",""#1F1F1F"":""gray12"",""#1F2A44"":""Pantone 533 C"",""#1FCECB"":""Robin's Egg Blue"",""#201547"":""Pantone 2765 C"",""#201747"":""Pantone 275 C"",""#205C40"":""Pantone 554 C"",""#20B2AA"":""LightSeaGreen"",""#211551"":""Pantone 274 C"",""#212121"":""gray13"",""#212322"":""Pantone 419 C"",""#212721"":""Pantone Black 3 C"",""#21421E"":""Myrtle"",""#215732"":""Pantone 357 C"",""#21759B"":""Wordpress"",""#21ABCD"":""Ball Blue"",""#221C35"":""Pantone 276 C"",""#222223"":""Pantone Neutral Black C"",""#22372B"":""Pantone 5605 C"",""#228848"":""Pantone 7731 C"",""#228B22"":""ForestGreen"",""#23297A"":""Saint Patrick Blue"",""#236192"":""Pantone 647 C"",""#24135F"":""Pantone 273 C"",""#242424"":""gray14"",""#24272E"":""Black Gray FS 37031"",""#244C5A"":""Pantone 7477 C"",""#250E62"":""Pantone 2755 C"",""#25282A"":""Pantone 426 C"",""#253746"":""Pantone 7546 C"",""#25D366"":""WhatsApp green"",""#262626"":""gray15"",""#263A75"":""Blue FS 35052"",""#26619C"":""Lapis lazuli"",""#26D07C"":""Pantone 7479 C"",""#273BE2"":""Palatinate blue"",""#273D55"":""Dark Blue FS 35109"",""#27408B"":""RoyalBlue4"",""#2758B5"":""Blue FS 25095"",""#275D38"":""Pantone 7483 C"",""#279989"":""Pantone 7473 C"",""#27AE60"":""Material Flat Nephritis"",""#280071"":""Pantone 2745 C"",""#282A1D"":""Green FS 34084"",""#284734"":""Pantone 553 C"",""#285C4D"":""Pantone 626 C"",""#286140"":""Pantone 7734 C"",""#28724F"":""Pantone 555 C"",""#2887C8"":""Crayola Green-Blue"",""#292929"":""gray16"",""#2980B9"":""Material Flat Belizehole"",""#298FC2"":""Pantone 7689 C"",""#29AB87"":""Crayola Jungle Green"",""#2A2C1F"":""Dark Green FS 34031"",""#2A3141"":""Insignia Blue FS 15044"",""#2A52BE"":""Cerulean blue"",""#2A8000"":""Napier green"",""#2AD2C9"":""Pantone 3252 C"",""#2B2B2B"":""gray17"",""#2C1608"":""Zinnwaldite brown"",""#2C3E50"":""Material Flat Midnightblue"",""#2C5234"":""Pantone 350 C"",""#2C5697"":""Pantone 7685 C"",""#2CD5C4"":""Pantone 3255 C"",""#2D2926"":""Pantone Black C"",""#2D383A"":""Crayola Outer Space"",""#2DCCD3"":""Pantone 319 C"",""#2E008B"":""Pantone 2735 C"",""#2E1A47"":""Pantone 2695 C"",""#2E2E2E"":""gray18"",""#2E8B57"":""SeaGreen"",""#2ECC71"":""Material Flat Emerland"",""#2F4F4F"":""DarkSlateGray"",""#2F6031"":""Green FS 34230"",""#303030"":""gray19"",""#307FE2"":""Pantone 2727 C"",""#30BA8F"":""Mountain Meadow"",""#30BFBF"":""Crayola Maximum Blue Green"",""#30D5C8"":""Turquoise (Colorhexa)"",""#31261D"":""Pantone Black 4 C"",""#318CE7"":""Bleu de France"",""#319B42"":""Pantone 7739 C"",""#32127A"":""Persian indigo"",""#321414"":""Seal brown"",""#323C48"":""Insignia Blue FS 35044"",""#324AB2"":""Violet Blue"",""#326295"":""Pantone 653 C"",""#32CD32"":""LimeGreen"",""#330072"":""Pantone 2685 C"",""#332F21"":""Pantone Black 2 C"",""#333333"":""gray20"",""#333F48"":""Pantone 432 C"",""#339ACC"":""Crayola Cerulean Blue"",""#33CC99"":""Crayola Shamrock"",""#343A48"":""Dark Gray FS 26008"",""#344034"":""Green FS 34077"",""#34465D"":""Tumblr"",""#34495E"":""Material Flat Wetasphalt"",""#34657F"":""Pantone 7699 C"",""#3498DB"":""Material Flat Peterriver"",""#353736"":""Engine Gray FS 16076"",""#355061"":""Dark Blue FS 35045"",""#355E3B"":""Hunter green"",""#3592BD"":""Blue FS 35250"",""#363636"":""gray21"",""#36454F"":""Charcoal"",""#364A41"":""Dark Green FS 34092"",""#36573B"":""Pantone 7735 C"",""#36648B"":""SteelBlue4"",""#367588"":""Teal blue"",""#373828"":""Dark Green FS 34064"",""#373A36"":""Pantone 447 C"",""#373D2F"":""Green FS 14052"",""#373D31"":""USMC Green FS 34052"",""#382E2C"":""Pantone 440 C"",""#382F2D"":""Pantone 412 C"",""#383838"":""gray22"",""#385E9D"":""Pantone 7684 C"",""#395542"":""Pantone 7736 C"",""#39FF14"":""Neon green"",""#3A4630"":""Green FS 34083"",""#3A5DAE"":""Pantone 7455 C"",""#3A5FCD"":""RoyalBlue3"",""#3A913F"":""Pantone 7740 C"",""#3AA655"":""Crayola Green"",""#3AAF85"":""Slack green"",""#3B3B3B"":""gray23"",""#3B3E51"":""Gray FS 36076"",""#3B3F42"":""Engine Gray FS 16081"",""#3B482C"":""Field Green FS 34095"",""#3B5999"":""Facebook blue"",""#3C1053"":""Pantone 2627 C"",""#3C1414"":""Dark sienna"",""#3C1E16"":""Red Brown FS 30108"",""#3C341F"":""Olive Drab FS 14087"",""#3C3421"":""Olive Drab FS 34087"",""#3CB371"":""MediumSeaGreen"",""#3CD070"":""UFO Green"",""#3CDBC0"":""Pantone 333 C"",""#3D2B1F"":""Bistre"",""#3D3935"":""Pantone Black 7 C"",""#3D3D3D"":""gray24"",""#3D441E"":""Pantone 5747 C"",""#3D6E3F"":""Dark Green FS 14062"",""#3E2B2E"":""Pantone Black 5 C"",""#3E3D29"":""Green FS 34094"",""#3E4827"":""Pantone 5743 C"",""#3E5D58"":""Pantone 5477 C"",""#3EB1C8"":""Pantone 631 C"",""#3EB489"":""Mint"",""#3F00FF"":""Electric ultramarine"",""#3F2021"":""Pantone 4975 C"",""#3F26BF"":""Crayola Ultramarine Blue"",""#3F2A56"":""Pantone 669 C"",""#3F4444"":""Pantone 446 C"",""#3F4952"":""Medium Gunship Gray FS 26118"",""#3F729B"":""Instagram bluegray"",""#3FFF00"":""Harlequin"",""#403A60"":""Pantone 5265 C"",""#404034"":""I. R. Dark Green FS 34086"",""#404040"":""gray25"",""#40474D"":""Dark Gull Gray FS 36176"",""#407EC9"":""Pantone 660 C"",""#40826D"":""Viridian"",""#40C1AC"":""Pantone 7465 C"",""#40E0D0"":""turquoise"",""#410093"":""Yahoo"",""#41273B"":""Pantone 7449 C"",""#41402C"":""Forest Green FS 24079"",""#414833"":""Rifle green"",""#414A4C"":""Outer Space"",""#414A53"":""Medium Gunship Gray FS 36118"",""#4166F5"":""Ultramarine blue"",""#4169E1"":""RoyalBlue"",""#41748D"":""Pantone 7698 C"",""#417DC1"":""Tufts Blue"",""#418FDE"":""Pantone 279 C"",""#41B6E6"":""Pantone 298 C"",""#423F2C"":""Forest Green FS 34079"",""#424242"":""gray26"",""#425563"":""Pantone 7545 C"",""#426DA9"":""Pantone 7683 C"",""#4298B5"":""Pantone 7459 C"",""#43695B"":""Pantone 5545 C"",""#436EEE"":""RoyalBlue2"",""#436F94"":""Medium Blue FS 35177"",""#43B02A"":""Pantone 361 C"",""#43B3AE"":""Verdigris"",""#43CD80"":""SeaGreen3"",""#440099"":""Pantone Violet C"",""#443724"":""Leather Brown FS 30051"",""#44503A"":""Green FS 34082"",""#44693D"":""Pantone 7743 C"",""#446CCF"":""Han blue"",""#44883E"":""Pantone 7741 C"",""#44D62C"":""Pantone 802 C"",""#453536"":""Pantone 439 C"",""#454545"":""gray27"",""#454932"":""Light Green FS 34102"",""#454D42"":""Dark Green FS 34096"",""#455238"":""Green FS 34127"",""#4570E6"":""Crayola Blue (II)"",""#458B00"":""chartreuse4"",""#458B74"":""aquamarine4"",""#45CEA2"":""Shamrock"",""#465945"":""Gray asparagus"",""#46696F"":""Sea Blue FS 34058"",""#4682B4"":""SteelBlue"",""#4698CB"":""Pantone 7688 C"",""#470A68"":""Pantone 2617 C"",""#473622"":""Brown FS 30099"",""#473729"":""Pantone 7533 C"",""#473C8B"":""SlateBlue4"",""#474747"":""gray28"",""#474D49"":""Dark Gray FS 36099"",""#47ABCC"":""Crayola Maximum Blue"",""#47D7AC"":""Pantone 3385 C"",""#480607"":""Bulgarian rose"",""#483C32"":""Taupe"",""#483D8B"":""DarkSlateBlue"",""#485CC7"":""Pantone 2726 C"",""#4876FF"":""RoyalBlue1"",""#487A7B"":""Pantone 7475 C"",""#48A23F"":""Pantone 7738 C"",""#48A9C5"":""Pantone 7702 C"",""#48D1CC"":""MediumTurquoise"",""#49796B"":""Hooker green"",""#2EB4E6"":""Crayola Blue (I)"",""#4997D0"":""Celestial blue"",""#49C5B1"":""Pantone 3258 C"",""#4A3041"":""Pantone 5185 C"",""#4A3733"":""Brown FS 20062"",""#4A412A"":""Pantone 448 C"",""#4A4A4A"":""gray29"",""#4A4C34"":""Field Green FS 34097"",""#4A708B"":""SkyBlue4"",""#4A7729"":""Pantone 364 C"",""#4A773C"":""Pantone 7742 C"",""#4B0082"":""indigo"",""#4B3048"":""Pantone 518 C"",""#4B3621"":""Café noir"",""#4B384C"":""Pantone 7448 C"",""#4B3D2A"":""Pantone 7554 C"",""#4B4F54"":""Pantone 7540 C"",""#4B5320"":""Army green"",""#4B654A"":""Deep Green FS 34128"",""#4B9560"":""Pantone 7730 C"",""#4C2A21"":""Brown FS 30111"",""#4C4184"":""Pantone 7672 C"",""#4C75A3"":""VK bluegray"",""#4C8C2B"":""Pantone 363 C"",""#4CBB17"":""Kelly green"",""#4D140B"":""Hull Red FS 30075"",""#4D4D4D"":""gray30"",""#4D5D53"":""Feldgrau"",""#4D6B53"":""Medium Gray Green FS 34227"",""#4D8C57"":""Crayola Middle Green"",""#4E008E"":""Pantone Medium Purple C"",""#4E3629"":""Pantone 476 C"",""#4E4934"":""Pantone 7771 C"",""#4E5B31"":""Pantone 574 C"",""#4E87A0"":""Pantone 7697 C"",""#4EA04E"":""Green FS 24190"",""#4EC3E0"":""Pantone 637 C"",""#4EEE94"":""SeaGreen2"",""#4F2C1D"":""Pantone 4625 C"",""#4F4F4F"":""gray31"",""#4F5338"":""Green FS 34098"",""#4F69C6"":""Crayola Indigo"",""#4F758B"":""Pantone 5405 C"",""#4F7942"":""Fern green"",""#4F868E"":""Pantone 5483 C"",""#4F94CD"":""SteelBlue3"",""#500778"":""Pantone 2607 C"",""#502B3A"":""Pantone 7645 C"",""#50404D"":""Purple taupe"",""#505759"":""Pantone 445 C"",""#507D2A"":""Sap green"",""#507F70"":""Pantone 625 C"",""#509E2F"":""Pantone 362 C"",""#50A684"":""Pantone 7723 C"",""#50C878"":""Emerald"",""#51284F"":""Pantone 262 C"",""#512A44"":""Pantone 5115 C"",""#512D6D"":""Pantone 269 C"",""#512F2E"":""Pantone 497 C"",""#514689"":""Pantone 7671 C"",""#51534A"":""Pantone 418 C"",""#515E32"":""Dark Green FS 14258"",""#51680E"":""Yellow Green FS 34259"",""#5218FA"":""Han purple"",""#523178"":""Pantone 7680 C"",""#524727"":""Pantone 449 C"",""#525252"":""gray32"",""#528B8B"":""DarkSlateGray4"",""#531F23"":""Maroon FS 20061"",""#532F15"":""Brown Special FS 10140"",""#532F17"":""Brown Special FS 30140"",""#534B4F"":""Liver"",""#535435"":""Pantone 7764 C"",""#535486"":""Pantone 7673 C"",""#53565A"":""Pantone Cool Gray 11 C"",""#536437"":""Interior Green FS 34151"",""#536872"":""Cadet"",""#536878"":""Dark electric blue"",""#536895"":""UCLA Blue"",""#53868B"":""CadetBlue4"",""#543B34"":""Brown FS 30045"",""#545454"":""gray33"",""#54585A"":""Pantone 425 C"",""#545E56"":""Gray FS 36152"",""#546223"":""Pantone 371 C"",""#548B54"":""PaleGreen4"",""#54FF9F"":""SeaGreen1"",""#551A8B"":""purple4"",""#555025"":""Pantone 5815 C"",""#555555"":""Davy grey"",""#556B2F"":""DarkOliveGreen"",""#55ACEE"":""Twitter blue"",""#560319"":""Dark scarlet"",""#563D82"":""Pantone 7679 C"",""#564032"":""Brown FS 30097"",""#565294"":""Pantone 7670 C"",""#56626E"":""Intermediate Blue FS 35164"",""#572932"":""Pantone 504 C"",""#572C5F"":""Pantone 525 C"",""#572D2D"":""Pantone 7631 C"",""#575757"":""gray34"",""#582C83"":""Pantone 268 C"",""#582D40"":""Pantone 7644 C"",""#583D3E"":""Pantone 7617 C"",""#584446"":""Pantone 438 C"",""#585C3B"":""Pantone 7763 C"",""#585E50"":""Green FS 34159"",""#592720"":""Caput mortuum"",""#59315F"":""Pantone 519 C"",""#594A25"":""Pantone 450 C"",""#595478"":""Pantone 5275 C"",""#595959"":""gray35"",""#59621D"":""Pantone 378 C"",""#59CBE8"":""Pantone 305 C"",""#5A4522"":""Pantone 7553 C"",""#5A4FCF"":""Iris"",""#5A87C5"":""IBM Blue"",""#5B3427"":""Pantone 4695 C"",""#5B462B"":""Field Drab FS 30118"",""#5B6236"":""Pantone 7498 C"",""#5B6770"":""Pantone 431 C"",""#5B7F95"":""Pantone 5415 C"",""#5B92E5"":""United Nations blue"",""#5BC2E7"":""Pantone 2985 C"",""#5C068C"":""Pantone 2597 C"",""#5C3D31"":""Pantone 7596 C"",""#5C462B"":""Pantone 462 C"",""#5C4738"":""Pantone 7589 C"",""#5C4E63"":""Pantone 7666 C"",""#5C5C5C"":""gray36"",""#5C7F71"":""Pantone 5555 C"",""#5C88DA"":""Pantone 2718 C"",""#5CACEE"":""SteelBlue2"",""#5CB8B2"":""Pantone 7472 C"",""#5D285F"":""Pantone 261 C"",""#5D2A2C"":""Pantone 490 C"",""#5D3754"":""Pantone 7659 C"",""#5D3954"":""Dark byzantium"",""#5D4777"":""Pantone 7447 C"",""#5D478B"":""MediumPurple4"",""#5D4B33"":""Brown FS 33105"",""#5D6439"":""Pantone 7762 C"",""#5D7975"":""Pantone 5487 C"",""#5D8AA8"":""Air Force Blue (RAF)"",""#5E2751"":""Pantone 7652 C"",""#5E366E"":""Pantone 7665 C"",""#5E4B3C"":""Pantone 7519 C"",""#5E514D"":""Pantone 411 C"",""#5E5E5E"":""gray37"",""#5E6738"":""Pantone 5753 C"",""#5E7461"":""Pantone 5615 C"",""#5E8AB4"":""Pantone 646 C"",""#5E8C31"":""Crayola Maximum Green"",""#5F2167"":""Pantone 2623 C"",""#5F259F"":""Pantone 267 C"",""#5F8FB4"":""Pantone 7454 C"",""#5F9EA0"":""CadetBlue"",""#5FA777"":""Crayola Forest Green"",""#603D20"":""Pantone 161 C"",""#6050DC"":""Majorelle Blue"",""#606666"":""Neutral Gray FS 36173"",""#606EB2"":""Pantone 7456 C"",""#607B8B"":""LightSkyBlue4"",""#6082B6"":""Glaucous"",""#60A917"":""Metro Green"",""#612141"":""Pantone 690 C"",""#612C51"":""Pantone 511 C"",""#612F24"":""Red Brown FS 30091"",""#614051"":""Crayola Eggplant"",""#614B79"":""Pantone 668 C"",""#614F25"":""Pantone 4485 C"",""#615E9B"":""Pantone 7669 C"",""#616161"":""gray38"",""#623412"":""Pantone 732 C"",""#623B2A"":""Pantone 477 C"",""#625D20"":""Pantone 581 C"",""#62B5E5"":""Pantone 2915 C"",""#633231"":""Pantone 7630 C"",""#63513D"":""Pantone 7532 C"",""#635147"":""Umber"",""#635939"":""Pantone 7770 C"",""#636363"":""gray39"",""#63666A"":""Pantone Cool Gray 10 C"",""#6399AE"":""Pantone 7696 C"",""#63B1BC"":""Pantone 7709 C"",""#63B76C"":""Crayola Fern"",""#63B8FF"":""SteelBlue1"",""#642667"":""Pantone 260 C"",""#642F6C"":""Pantone 520 C"",""#643335"":""Pantone 1817 C"",""#645452"":""Wenge"",""#6456B7"":""Crayola Blue-Violet"",""#647687"":""Metro Steel"",""#6495ED"":""CornflowerBlue"",""#64A70B"":""Pantone 369 C"",""#64CCC9"":""Pantone 325 C"",""#65000B"":""Rosewood"",""#651D32"":""Pantone 7421 C"",""#652DC1"":""Crayola Purple Heart"",""#653024"":""Pantone 483 C"",""#653165"":""Pantone 2622 C"",""#653279"":""Pantone 7664 C"",""#653819"":""Pantone 1545 C"",""#654321"":""Otter brown"",""#656635"":""Pantone 7750 C"",""#65665C"":""Pantone 417 C"",""#658D1B"":""Pantone 370 C"",""#66023C"":""Tyrian purple"",""#663399"":""RebeccaPurple"",""#663854"":""Halayà úbe"",""#664228"":""Crayola Van Dyke Brown"",""#66424D"":""Tuscan red"",""#66435A"":""Pantone 5195 C"",""#665233"":""Crayola Raw Umber"",""#668B8B"":""PaleTurquoise4"",""#6699CC"":""Blue Gray"",""#66CD00"":""chartreuse3"",""#66CDAA"":""MediumAquamarine"",""#66DDAA"":""Medium aquamarine"",""#66FF00"":""Bright green"",""#671E75"":""Pantone 2613 C"",""#672146"":""Pantone 229 C"",""#672E45"":""Pantone 7643 C"",""#673147"":""Old mauve"",""#674230"":""Pantone 7603 C"",""#674736"":""Pantone 7582 C"",""#674846"":""Rose ebony"",""#674C47"":""Medium taupe"",""#675E33"":""Pantone 7757 C"",""#67757E"":""Gray Blue FS 35237"",""#67823A"":""Pantone 575 C"",""#6787B7"":""Pantone 7682 C"",""#68228B"":""DarkOrchid4"",""#682860"":""Palatinate purple"",""#683431"":""Pantone 7610 C"",""#68478D"":""Pantone 7678 C"",""#685BC7"":""Pantone 2725 C"",""#685C20"":""Pantone 3995 C"",""#685D47"":""Tan Green FS 34201"",""#686E9F"":""Pantone 7668 C"",""#687681"":""Blue Gray FS 35189"",""#68838B"":""LightBlue4"",""#68D2DF"":""Pantone 3105 C"",""#69359C"":""Purple Heart"",""#693C5E"":""Pantone 5125 C"",""#693F23"":""Pantone 469 C"",""#694024"":""Brown Special FS 20140"",""#694223"":""Brown FS 31090"",""#6959CD"":""SlateBlue3"",""#695B24"":""Pantone 455 C"",""#696158"":""Pantone 405 C"",""#696969"":""DimGray"",""#698B22"":""OliveDrab4"",""#698B69"":""DarkSeaGreen4"",""#69B3E7"":""Pantone 292 C"",""#6A00FF"":""Metro Indigo"",""#6A2A5B"":""Pantone 7651 C"",""#6A2C3E"":""Pantone 7428 C"",""#6A3460"":""Pantone 7658 C"",""#6A3735"":""Pantone 498 C"",""#6A5ACD"":""SlateBlue"",""#6A6C6B"":""Gray FS 36251"",""#6A737A"":""Gray FS 26152"",""#6A85A2"":""Dark Blue FS 35190"",""#6AD1E3"":""Pantone 310 C"",""#6B3077"":""Pantone 7663 C"",""#6B3529"":""Pantone 175 C"",""#6B3D2E"":""Pantone 7595 C"",""#6B3FA0"":""Crayola Royal Purple"",""#6B433B"":""Brown FS 30160"",""#6B4C4C"":""Pantone 7616 C"",""#6B6B6B"":""gray42"",""#6B8E23"":""OliveDrab"",""#6BA4B8"":""Pantone 549 C"",""#6BA539"":""Pantone 7737 C"",""#6BBBAE"":""Pantone 563 C"",""#6BCABA"":""Pantone 570 C"",""#6C1D45"":""Pantone 222 C"",""#6C541E"":""Field drab"",""#6C571B"":""Pantone 133 C"",""#6C5D34"":""Pantone 7561 C"",""#6C7B8B"":""SlateGray4"",""#6CA67C"":""Crayola Medium Chrome Green"",""#6CA6CD"":""SkyBlue3"",""#6CACE4"":""Pantone 284 C"",""#6CC24A"":""Pantone 360 C"",""#6CDAE7"":""Crayola Turquoise Blue"",""#6D2077"":""Pantone 259 C"",""#6D3332"":""Pantone 7629 C"",""#6D4F47"":""Pantone 7518 C"",""#6D712E"":""Pantone 5757 C"",""#6D8764"":""Metro Olive"",""#6D9477"":""Green FS 24272"",""#6DCDB8"":""Pantone 3248 C"",""#6E2B62"":""Pantone 7657 C"",""#6E4C1E"":""Pantone 1405 C"",""#6E6259"":""Pantone Warm Gray 11 C"",""#6E6E6E"":""gray43"",""#6E7B8B"":""LightSteelBlue4"",""#6E7CA0"":""Pantone 7667 C"",""#6E7F80"":""AuroMetalSaurus"",""#6E8B3D"":""DarkOliveGreen4"",""#6ECEB2"":""Pantone 338 C"",""#6F00FF"":""Electric indigo"",""#6F263D"":""Pantone 209 C"",""#6F2C3F"":""Pantone 505 C"",""#6F4E37"":""Coffee"",""#6F5091"":""Pantone 7677 C"",""#6F7571"":""Dark Gull Gray FS 36231"",""#6F8054"":""Green FS 34258"",""#6FA287"":""Pantone 556 C"",""#701C1C"":""Persian plum"",""#702082"":""Pantone 2603 C"",""#702963"":""Byzantium"",""#702F8A"":""Pantone 526 C"",""#703F2A"":""Pantone 478 C"",""#704214"":""Sepia"",""#704241"":""Deep coffee"",""#704437"":""Earth Red FS 30117"",""#70472B"":""Brown FS 30215"",""#707070"":""gray44"",""#7070CC"":""Crayola Celestial Blue"",""#707372"":""Pantone 424 C"",""#708090"":""SlateGray"",""#708573"":""Pantone 5625 C"",""#715540"":""Tan FS 30219"",""#715C2A"":""Pantone 147 C"",""#716135"":""Pantone 7769 C"",""#717C7D"":""Pantone 444 C"",""#719949"":""Pantone 7490 C"",""#71B2C9"":""Pantone 7458 C"",""#71BC78"":""Fern"",""#71C5E8"":""Pantone 297 C"",""#71CC98"":""Pantone 346 C"",""#71DBD4"":""Pantone 3242 C"",""#722257"":""Pantone 7650 C"",""#72246C"":""Pantone 255 C"",""#722F37"":""Wine"",""#727337"":""Pantone 7749 C"",""#72A0C1"":""Air Superiority Blue FS 15450"",""#732E4A"":""Pantone 7642 C"",""#732E6C"":""Crayola Violet (I)"",""#733380"":""Crayola Maximum Purple"",""#73381D"":""Pantone 168 C"",""#734F96"":""Dark lavender"",""#73531D"":""Pantone 7552 C"",""#736635"":""Pantone 7756 C"",""#736A62"":""Crayola Charcoal Gray"",""#737373"":""gray45"",""#737B4C"":""Pantone 5763 C"",""#738678"":""Xanadu"",""#73A9C2"":""Moonstone blue"",""#73C2FB"":""Maya blue"",""#744F28"":""Pantone 463 C"",""#74531C"":""Pantone 140 C"",""#746661"":""Pantone 410 C"",""#746CC0"":""Toolbox"",""#747136"":""Pantone 7761 C"",""#7474C1"":""Pantone 272 C"",""#7499AC"":""Air Superiority Blue FS 35450"",""#74AA50"":""Pantone 7489 C"",""#74C365"":""Mantis"",""#74D1EA"":""Pantone Blue 0821 C"",""#753BBD"":""Pantone 266 C"",""#7566A0"":""Pantone 7676 C"",""#757575"":""gray46"",""#75787B"":""Pantone Cool Gray 9 C"",""#757FA3"":""Azure Blue FS 35231"",""#76232F"":""Pantone 188 C"",""#76608A"":""Metro Mauve"",""#766EC8"":""Crayola Violet-Blue"",""#768692"":""Pantone 7544 C"",""#76881D"":""Pantone 7496 C"",""#76D7EA"":""Crayola Sky Blue"",""#76EE00"":""chartreuse2"",""#76EEC6"":""aquamarine2"",""#76FF7A"":""Screamin Green"",""#772583"":""Pantone 2612 C"",""#774212"":""Pantone 731 C"",""#775135"":""Pantone 7568 C"",""#776E64"":""Pantone 404 C"",""#778899"":""LightSlateGray"",""#779ECB"":""Dark pastel blue"",""#77C5D5"":""Pantone 630 C"",""#77DD77"":""Pastel green"",""#78184A"":""Pansy purple"",""#782F40"":""Pantone 195 C"",""#7851A9"":""Royal purple"",""#787121"":""Pantone 385 C"",""#787878"":""gray47"",""#7882A5"":""Blue FS 35240"",""#78866B"":""Camouflage green"",""#789B9D"":""Blue FS 35414"",""#789D4A"":""Pantone 576 C"",""#789F90"":""Pantone 624 C"",""#78BE20"":""Pantone 368 C"",""#78D64B"":""Pantone 7488 C"",""#79443B"":""Bole"",""#794B7A"":""Purple FS 37100"",""#796878"":""Old lavender"",""#796E65"":""Pantone Warm Gray 10 C"",""#797F7F"":""Medium Gray FS 26270"",""#79863C"":""Pantone 7491 C"",""#79CDCD"":""DarkSlateGray3"",""#7A378B"":""MediumOrchid4"",""#7A3E3A"":""Pantone 499 C"",""#7A4183"":""Pantone 7662 C"",""#7A67EE"":""SlateBlue2"",""#7A6855"":""Pantone 7531 C"",""#7A7256"":""Pantone 7497 C"",""#7A755F"":""Gray FS 36165"",""#7A7A7A"":""gray48"",""#7A7F82"":""Medium Gray FS 36270"",""#7A89B8"":""Crayola Wild Blue Yonder"",""#7A8B8B"":""LightCyan4"",""#7A99AC"":""Pantone 5425 C"",""#7A9A01"":""Pantone 377 C"",""#7AC5CD"":""CadetBlue3"",""#7AE1BF"":""Pantone 3375 C"",""#7B1113"":""UP Maroon"",""#7B4931"":""Pantone 7602 C"",""#7B4D35"":""Pantone 7588 C"",""#7B6469"":""Pantone 437 C"",""#7B68EE"":""MediumSlateBlue"",""#7BA05B"":""Crayola Asparagus"",""#7BA4DB"":""Pantone 659 C"",""#7BA6DE"":""Pantone 7453 C"",""#7BA7BC"":""Pantone 7695 C"",""#7BAFD4"":""Pantone 542 C"",""#7C2529"":""Pantone 1815 C"",""#7C2855"":""Pantone 683 C"",""#7C3A2D"":""Pantone 7594 C"",""#7C4D3A"":""Pantone 4705 C"",""#7C6992"":""Pantone 667 C"",""#7C7FAB"":""Pantone 7675 C"",""#7C8034"":""Pantone 7748 C"",""#7C878E"":""Pantone 430 C"",""#7CB9E8"":""Aero blue"",""#7CBCE0"":""Sky Blue FS 15200"",""#7CCD7C"":""PaleGreen3"",""#7CE0D3"":""Pantone 3245 C"",""#7CFC00"":""LawnGreen"",""#7D2248"":""Pantone 216 C"",""#7D26CD"":""purple3"",""#7D3F16"":""Pantone 725 C"",""#7D55C7"":""Pantone 2665 C"",""#7D622E"":""Pantone 7560 C"",""#7D7D7D"":""gray49"",""#7D9BC1"":""Pantone 652 C"",""#7DA1C4"":""Pantone 645 C"",""#7DF9FF"":""Electric blue"",""#7E2D40"":""Pantone 7638 C"",""#7E5475"":""Pantone 5135 C"",""#7E7F74"":""Pantone 416 C"",""#7EC0EE"":""SkyBlue2"",""#7ED4E6"":""Crayola Middle Blue"",""#7EDDD3"":""Pantone 7471 C"",""#7F3035"":""Pantone 491 C"",""#7F7F7F"":""gray50"",""#7F8581"":""Dark Gray FS 36280"",""#7F8C8D"":""Material Flat Asbestos"",""#7F9C90"":""Pantone 5565 C"",""#7FA9AE"":""Pantone 5493 C"",""#7FFF00"":""chartreuse"",""#7FFFD4"":""aquamarine"",""#800000"":""maroon (SVG)"",""#800020"":""Burgundy"",""#800080"":""purple (SVG)"",""#801818"":""Falu red"",""#80225F"":""Pantone 242 C"",""#80276C"":""Pantone 249 C"",""#802F2D"":""Pantone 7624 C"",""#8031A7"":""Pantone 527 C"",""#803790"":""Crayola Vivid Violet"",""#80461B"":""Russet"",""#805533"":""Crayola Burnt Umber"",""#808000"":""olive"",""#808080"":""gray (SVG)"",""#808C8C"":""Dark Compass Ghost Gray FS 26320"",""#8094DD"":""Pantone 7452 C"",""#80E0A7"":""Pantone 353 C"",""#81312F"":""Pantone 181 C"",""#816040"":""Pantone 7505 C"",""#818B8D"":""Dark Compass Ghost Gray FS 36320"",""#819490"":""Light Gray FS 36329"",""#823B34"":""Pantone 7609 C"",""#8246AF"":""Pantone 2587 C"",""#825A2C"":""Metro Brown"",""#827A04"":""Pantone 392 C"",""#828282"":""gray51"",""#829995"":""Pantone 5497 C"",""#830065"":""Pantone 2425 C"",""#833177"":""Pantone 512 C"",""#83321F"":""Red Brown FS 20109"",""#833921"":""Pantone 1685 C"",""#83412C"":""Pantone 7601 C"",""#8359A3"":""Crayola Violet (II)"",""#835D32"":""Pantone 7575 C"",""#836953"":""Pastel brown"",""#836FFF"":""SlateBlue1"",""#837050"":""Crayola Shadow"",""#83786F"":""Pantone Warm Gray 9 C"",""#838B83"":""honeydew4"",""#838B8B"":""azure4"",""#840B55"":""Pantone 235 C"",""#84329B"":""Pantone 2593 C"",""#84344E"":""Pantone 506 C"",""#8470FF"":""LightSlateBlue"",""#84754E"":""Pantone 871 C"",""#848482"":""Battleship grey"",""#84BD00"":""Pantone 376 C"",""#85431E"":""Pantone 7517 C"",""#85714D"":""Pantone 872 C"",""#857874"":""Pantone 409 C"",""#858585"":""gray52"",""#85B09A"":""Pantone 557 C"",""#85BB65"":""Dollar bill"",""#861F41"":""Pantone 208 C"",""#862633"":""Pantone 202 C"",""#864A33"":""Pantone 7581 C"",""#86608E"":""French lilac"",""#86647A"":""Pantone 5205 C"",""#866761"":""Pantone 7615 C"",""#866D4B"":""Pantone 873 C"",""#86C8BC"":""Pantone 564 C"",""#87189D"":""Pantone 2602 C"",""#872651"":""Pantone 7435 C"",""#872657"":""Dark raspberry"",""#873260"":""Boysenberry"",""#87421F"":""Crayola Fuzzy Wuzzy"",""#874B52"":""Pantone 4985 C"",""#87674F"":""Pantone 875 C"",""#878684"":""Light Gull Gray FS 26440"",""#878787"":""gray53"",""#878CB4"":""Pantone 7674 C"",""#87A96B"":""Asparagus"",""#87CEEB"":""SkyBlue"",""#87CEFA"":""LightSkyBlue"",""#87CEFF"":""SkyBlue1"",""#882D17"":""Sienna (Colorhexa)"",""#886B25"":""Pantone 1265 C"",""#8878C3"":""Ube"",""#888B8D"":""Pantone Cool Gray 8 C"",""#888D30"":""Pantone 7747 C"",""#88D8C0"":""Pearl Aqua"",""#88DBDF"":""Pantone 318 C"",""#890C58"":""Pantone 228 C"",""#893B67"":""Pantone 689 C"",""#893C47"":""Pantone 697 C"",""#893F45"":""Cordovan"",""#89532F"":""Pantone 7567 C"",""#8968CD"":""MediumPurple3"",""#897322"":""Pantone 119 C"",""#897630"":""Pantone 7755 C"",""#897A27"":""Pantone 105 C"",""#89813D"":""Pantone 5825 C"",""#8986CA"":""Pantone 7446 C"",""#898D8D"":""Pantone 423 C"",""#899064"":""Pantone 5773 C"",""#89ABE3"":""Pantone 7451 C"",""#89CFF0"":""Baby blue"",""#8A1538"":""Pantone 1955 C"",""#8A1B61"":""Pantone 7649 C"",""#8A2A2B"":""Pantone 7623 C"",""#8A2BE2"":""BlueViolet"",""#8A3324"":""Burnt umber"",""#8A391B"":""Pantone 7526 C"",""#8A496B"":""Twilight lavender"",""#8A795D"":""Shadow"",""#8A7B19"":""Pantone 620 C"",""#8A8685"":""Light Gull Gray FS 16440"",""#8A8A8A"":""gray54"",""#8A8D4A"":""Pantone 5767 C"",""#8A8D8F"":""Pantone 877 C"",""#8A8E8D"":""Light Gray FS 36373"",""#8B0000"":""DarkRed"",""#8B008B"":""DarkMagenta"",""#8B0A50"":""DeepPink4"",""#8B1A1A"":""firebrick4"",""#8B1C62"":""maroon4"",""#8B2252"":""VioletRed4"",""#8B2323"":""brown4"",""#8B2500"":""OrangeRed4"",""#8B3626"":""tomato4"",""#8B3A3A"":""IndianRed4"",""#8B3A62"":""HotPink4"",""#8B3E2F"":""coral4"",""#8B4500"":""DarkOrange4"",""#8B4513"":""SaddleBrown"",""#8B4720"":""Pantone 1615 C"",""#8B4726"":""sienna4"",""#8B475D"":""PaleVioletRed4"",""#8B4789"":""orchid4"",""#8B4C39"":""salmon4"",""#8B5742"":""LightSalmon4"",""#8B5A00"":""orange4"",""#8B5A2B"":""tan4"",""#8B5B29"":""Pantone 464 C"",""#8B5F65"":""LightPink4"",""#8B634B"":""Pantone 876 C"",""#8B636C"":""pink4"",""#8B6508"":""DarkGoldenrod4"",""#8B668B"":""plum4"",""#8B6914"":""goldenrod4"",""#8B6969"":""RosyBrown4"",""#8B6F4E"":""Pantone 874 C"",""#8B72BE"":""Crayola Middle Blue Purple"",""#8B7355"":""burlywood4"",""#8B7500"":""gold4"",""#8B7765"":""PeachPuff4"",""#8B795E"":""NavajoWhite4"",""#8B7B8B"":""thistle4"",""#8B7D6B"":""bisque4"",""#8B7D7B"":""MistyRose4"",""#8B7E66"":""wheat4"",""#8B814C"":""LightGoldenrod4"",""#8B8378"":""AntiqueWhite4"",""#8B8386"":""LavenderBlush4"",""#8B84D7"":""Pantone 2715 C"",""#8B8589"":""Taupe gray"",""#8B864E"":""khaki4"",""#8B8680"":""Crayola Gray"",""#8B8682"":""seashell4"",""#8B8878"":""cornsilk4"",""#8B8970"":""LemonChiffon4"",""#8B8989"":""snow4"",""#8B8B00"":""yellow4"",""#8B8B7A"":""LightYellow4"",""#8B8B83"":""ivory4"",""#8B8C84"":""Flint Gray FS 36314"",""#8BB8E8"":""Pantone 278 C"",""#8BD3E6"":""Pantone 636 C"",""#8C4799"":""Pantone 258 C"",""#8C7732"":""Pantone 4495 C"",""#8C8279"":""Pantone Warm Gray 8 C"",""#8C857B"":""Pantone 403 C"",""#8C8C8C"":""gray55"",""#8C90C8"":""Crayola Cobalt Blue"",""#8C92AC"":""Cool grey"",""#8CE2D0"":""Pantone 332 C"",""#8D3F2B"":""Pantone 7600 C"",""#8D6E97"":""Pantone 7661 C"",""#8D7A69"":""Tan FS 30227"",""#8D89A5"":""Pantone 5285 C"",""#8D90A1"":""Crayola Manatee"",""#8DB600"":""Apple green"",""#8DB6CD"":""LightSkyBlue3"",""#8DB9CA"":""Pantone 550 C"",""#8DC8E8"":""Pantone 2905 C"",""#8DD9CC"":""Crayola Middle Blue Green"",""#8DEEEE"":""DarkSlateGray2"",""#8E2C48"":""Pantone 7641 C"",""#8E3179"":""Crayola Plum"",""#8E3A80"":""Pantone 7656 C"",""#8E44AD"":""Material Flat Wisteria"",""#8E8C13"":""Pantone 582 C"",""#8E9089"":""Pantone 7539 C"",""#8E9FBC"":""Pantone 535 C"",""#8EDD65"":""Pantone 7487 C"",""#8EE5EE"":""CadetBlue2"",""#8F00FF"":""Electric violet"",""#8F3237"":""Pantone 492 C"",""#8F47B3"":""Crayola Medium Violet"",""#8F693A"":""Tan FS 33245"",""#8F6A2A"":""Pantone 7559 C"",""#8F7E35"":""Pantone 7768 C"",""#8F8F8F"":""gray56"",""#8F993E"":""Pantone 7495 C"",""#8FABAE"":""Blue FS 35352"",""#8FBC8F"":""DarkSeaGreen"",""#8FD6BD"":""Pantone 337 C"",""#8FD8D8"":""Crayola Light Blue"",""#8FE2B0"":""Pantone 352 C"",""#905D5D"":""Rose taupe"",""#9063CD"":""Pantone 265 C"",""#90EE90"":""LightGreen"",""#910048"":""Pantone 221 C"",""#912CEE"":""purple2"",""#912F46"":""Pantone 7637 C"",""#915C83"":""Antique fuchsia"",""#915F6D"":""Raspberry glace"",""#918151"":""Dark tan"",""#91852C"":""Pantone 7760 C"",""#919191"":""gray57"",""#919388"":""Pantone 415 C"",""#919D9D"":""Pantone 443 C"",""#91A395"":""Green FS 24410"",""#91A3B0"":""Cadet grey"",""#91D6AC"":""Pantone 345 C"",""#922724"":""Vivid auburn"",""#924C2E"":""Pantone 7587 C"",""#926F5B"":""Crayola Beaver"",""#92926E"":""Crayola Gold (I)"",""#92ACA0"":""Pantone 5575 C"",""#92C1E9"":""Pantone 283 C"",""#93272C"":""Pantone 7622 C"",""#93328E"":""Pantone 513 C"",""#933D41"":""Smokey topaz"",""#93400A"":""Brown Yellow FS 20100"",""#934054"":""Pantone 7640 C"",""#934D11"":""Pantone 724 C"",""#936D73"":""Pantone 7639 C"",""#9370DB"":""MediumPurple"",""#939498"":""Aircraft Exterior Gray FS 36300"",""#93C572"":""Pistachio"",""#93CCEA"":""Crayola Cornflower"",""#93DFB8"":""Crayola Sea Green"",""#9400D3"":""DarkViolet"",""#94450B"":""Pantone 1535 C"",""#9457EB"":""Lavender indigo"",""#946037"":""Pantone 4635 C"",""#94795D"":""Pantone 7504 C"",""#948794"":""Pantone 7653 C"",""#948B6C"":""Sand Brown FS 30277"",""#949300"":""Pantone 384 C"",""#949494"":""gray58"",""#949A90"":""Pantone 7538 C"",""#94A596"":""Pantone 5635 C"",""#94A9CB"":""Pantone 7681 C"",""#94B7BB"":""Pantone 5503 C"",""#956C58"":""Pantone 4715 C"",""#957F56"":""Sand FS 33303"",""#95928D"":""Gray FS 36307"",""#9595D2"":""Pantone 271 C"",""#9598A1"":""Light Campers Ghost Gray FS 26375"",""#95A5A6"":""Material Flat Concrete"",""#95E0E8"":""Crayola Aquamarine"",""#960051"":""Pantone 676 C"",""#963821"":""Pantone 174 C"",""#963CBD"":""Pantone 7442 C"",""#966FD6"":""Dark pastel purple"",""#967117"":""Sand dune"",""#967126"":""Pantone 7558 C"",""#9678B6"":""Purple mountain majesty"",""#9678D3"":""Pantone 2655 C"",""#967BB6"":""Lavender purple"",""#968C83"":""Pantone Warm Gray 7 C"",""#969696"":""gray59"",""#96ABAC"":""Blue FS 25352"",""#96C8A2"":""Eton blue"",""#96CDCD"":""PaleTurquoise3"",""#96DED1"":""Pale robin egg blue"",""#971B2F"":""Pantone 7427 C"",""#978C87"":""Pantone 408 C"",""#97999B"":""Pantone Cool Gray 7 C"",""#979AAA"":""Manatee"",""#97D700"":""Pantone 375 C"",""#97FFFF"":""DarkSlateGray1"",""#981D97"":""Pantone 254 C"",""#984856"":""Pantone 696 C"",""#986960"":""Dark chestnut"",""#987654"":""Pale brown"",""#98777B"":""Bazaar"",""#98817B"":""Cinereous"",""#98A4AE"":""Pantone 7543 C"",""#98A6A7"":""Sky Gray FS 36473"",""#98DBCE"":""Pantone 571 C"",""#98F5FF"":""CadetBlue1"",""#98FB98"":""PaleGreen"",""#98FF98"":""Mint green"",""#990000"":""Crimson Red"",""#991E66"":""Pantone 7648 C"",""#9932CC"":""DarkOrchid"",""#994878"":""Pantone 682 C"",""#99552B"":""Pantone 7516 C"",""#9955BB"":""Deep lilac"",""#996017"":""Pantone 1395 C"",""#996515"":""Golden brown"",""#996666"":""Copper rose"",""#9966CC"":""Amethyst"",""#997A8D"":""Mountbatten pink"",""#998542"":""Pantone 4505 C"",""#9991A4"":""Pantone 7660 C"",""#999999"":""gray60"",""#9999CC"":""Crayola Blue Bell"",""#999B30"":""Pantone 7746 C"",""#99BADD"":""Carolina blue"",""#99D6EA"":""Pantone 2975 C"",""#9A2E24"":""Insignia Red FS 31136"",""#9A32CD"":""DarkOrchid3"",""#9A3324"":""Pantone 484 C"",""#9A6A4F"":""Pantone 7525 C"",""#9A7611"":""Pantone 126 C"",""#9A8700"":""Pantone 3985 C"",""#9A9500"":""Pantone 391 C"",""#9AB973"":""Olivine"",""#9AB9AD"":""Pantone 623 C"",""#9ABEAA"":""Pantone 558 C"",""#9AC0CD"":""LightBlue3"",""#9ACD32"":""YellowGreen"",""#9ACEEB"":""Cornflower"",""#9ADBE8"":""Pantone 304 C"",""#9AFF9A"":""PaleGreen1"",""#9B2242"":""Pantone 7420 C"",""#9B26B6"":""Pantone 2592 C"",""#9B2743"":""Pantone 194 C"",""#9B2F25"":""Insignia Red FS 11136"",""#9B30FF"":""purple1"",""#9B3259"":""Pantone 7434 C"",""#9B59B6"":""Material Flat Amethyst"",""#9B5A1A"":""Pantone 154 C"",""#9B7793"":""Pantone 5145 C"",""#9B945F"":""Pantone 451 C"",""#9BB8D3"":""Pantone 644 C"",""#9BC4E2"":""Pale cerulean"",""#9BCBEB"":""Pantone 291 C"",""#9BCD9B"":""DarkSeaGreen3"",""#9BD3DD"":""Pantone 629 C"",""#9BDDFF"":""Columbia blue"",""#9BE3BF"":""Pantone 7478 C"",""#9C6169"":""Pantone 4995 C"",""#9C8412"":""Pantone 112 C"",""#9C9C9C"":""gray61"",""#9CAF88"":""Pantone 7494 C"",""#9CDBD9"":""Pantone 324 C"",""#9D2235"":""Pantone 201 C"",""#9D432C"":""Pantone 7593 C"",""#9D81BA"":""Purple Mountain's Majesty"",""#9D968D"":""Pantone 402 C"",""#9DB0AC"":""Pantone 5507 C"",""#9DB4C6"":""Light Sky Blue FS 35526"",""#9DE093"":""Crayola Granny Smith Apple"",""#9DE7D7"":""Pantone Green 0921 C"",""#9E007E"":""Pantone 2415 C"",""#9E2A2B"":""Pantone 7628 C"",""#9E2A2F"":""Pantone 704 C"",""#9E5330"":""Pantone 7586 C"",""#9E5B40"":""Crayola Sepia"",""#9E652E"":""Pantone 730 C"",""#9E6A38"":""Pantone 7574 C"",""#9E978E"":""Pantone Black 0961 C"",""#9E9E9E"":""gray62"",""#9EA2A2"":""Pantone 422 C"",""#9EA2A3"":""Aircraft Gray FS 16473"",""#9F00FF"":""Vivid violet"",""#9F1D35"":""Vivid burgundy"",""#9F5CC0"":""Pantone 7441 C"",""#9F79EE"":""MediumPurple2"",""#9F7D23"":""Pantone 7557 C"",""#9F8170"":""Beaver"",""#9F9059"":""Tan FS 33440"",""#9F912A"":""Pantone 619 C"",""#9FAD8C"":""Light Gray Green FS 34417"",""#9FAEE5"":""Pantone 2716 C"",""#9FB6CD"":""SlateGray3"",""#A020F0"":""purple (X11)"",""#A0522D"":""sienna"",""#A05EB5"":""Pantone 2583 C"",""#A07400"":""Pantone 132 C"",""#A0785A"":""Chamoisee"",""#A08629"":""Pantone 7754 C"",""#A09200"":""Pantone 399 C"",""#A09958"":""Pantone 5835 C"",""#A0B29A"":""Light Gray Green FS 34424"",""#A0D1CA"":""Pantone 7464 C"",""#A0D6B4"":""Turquoise green"",""#A0DAB3"":""Pantone 344 C"",""#A1561C"":""Pantone 160 C"",""#A15A95"":""Pantone 7655 C"",""#A192B2"":""Pantone 666 C"",""#A1A1A1"":""gray63"",""#A1CAF1"":""Baby blue eyes"",""#A1D6CA"":""Pantone 565 C"",""#A1D884"":""Pantone 359 C"",""#A20025"":""Metro Crimson"",""#A20067"":""Pantone 234 C"",""#A277A6"":""Pantone 7440 C"",""#A2789C"":""Pantone 7654 C"",""#A28744"":""Yellow Sand FS 20266"",""#A28E2A"":""Pantone 456 C"",""#A2A2D0"":""Blue Bell"",""#A2A569"":""Pantone 5777 C"",""#A2AAAD"":""Pantone 429 C"",""#A2ACAB"":""Pantone 442 C"",""#A2ADD0"":""Wild Blue Yonder"",""#A2B2C8"":""Pantone 536 C"",""#A2B5CD"":""LightSteelBlue3"",""#A2CD5A"":""DarkOliveGreen3"",""#A2E4B8"":""Pantone 351 C"",""#A37F74"":""Pantone 7614 C"",""#A38C6C"":""Dessert Tan FS 33446"",""#A39382"":""Pantone 7530 C"",""#A3947D"":""Tan FS 36555"",""#A3A3A3"":""gray64"",""#A3AA83"":""Pantone 5783 C"",""#A3B2A4"":""Pantone 5645 C"",""#A3C1AD"":""Cambridge Blue"",""#A3C7D2"":""Pantone 551 C"",""#A40000"":""Dark candy apple red"",""#A4123F"":""Pantone 7426 C"",""#A4343A"":""Pantone 1807 C"",""#A4493D"":""Pantone 7608 C"",""#A45248"":""Pantone 7524 C"",""#A45A2A"":""Pantone 470 C"",""#A4BCC2"":""Pantone 7542 C"",""#A4C400"":""Metro Lime"",""#A4C639"":""Android Green"",""#A4C8E1"":""Pantone 543 C"",""#A4D3EE"":""LightSkyBlue2"",""#A4D65E"":""Pantone 367 C"",""#A4DBE8"":""Pantone 635 C"",""#A4DDED"":""Non-photo blue"",""#A50034"":""Pantone 207 C"",""#A50050"":""Pantone 220 C"",""#A50B5E"":""Crayola Jazzberry Jam"",""#A51890"":""Pantone 248 C"",""#A52A2A"":""brown"",""#A55353"":""Crayola Middle Red Purple"",""#A56E87"":""Pantone 7646 C"",""#A57FB2"":""Pantone 521 C"",""#A58E7E"":""Sand FS 30279"",""#A59272"":""Dark Yellow FS 33448"",""#A59C94"":""Pantone Warm Gray 6 C"",""#A5DFD3"":""Pantone 572 C"",""#A6093D"":""Pantone 1945 C"",""#A6192E"":""Pantone 187 C"",""#A63A79"":""Crayola Maximum Red Purple"",""#A65523"":""Pantone 1605 C"",""#A6631B"":""Pantone 7512 C"",""#A67B5B"":""French beige"",""#A69F88"":""Pantone 7536 C"",""#A6A6A6"":""gray65"",""#A6BBC8"":""Pantone 5435 C"",""#A72B2A"":""Pantone 7627 C"",""#A73A64"":""Pantone 7433 C"",""#A76389"":""Pantone 688 C"",""#A7662B"":""Pantone 7573 C"",""#A76D11"":""Pantone 146 C"",""#A77BCA"":""Pantone 2577 C"",""#A7A2C3"":""Pantone 7445 C"",""#A7A4E0"":""Pantone 2705 C"",""#A7A8AA"":""Pantone Cool Gray 6 C"",""#A7ACA2"":""Pantone 7537 C"",""#A7B6B9"":""Gray FS 36463"",""#A7BCD6"":""Pantone 651 C"",""#A7BDB1"":""Pantone 5585 C"",""#A7C6ED"":""Pantone 2717 C"",""#A7E6D7"":""Pantone 331 C"",""#A7FC00"":""Spring bud"",""#A81C07"":""Rufous"",""#A83D72"":""Pantone 7647 C"",""#A89968"":""Pantone 7503 C"",""#A8A8A8"":""gray66"",""#A8A99E"":""Pantone 414 C"",""#A8AD00"":""Pantone 383 C"",""#A8B693"":""Green FS 34414"",""#A8E4A0"":""Granny Smith Apple"",""#A9203E"":""Deep carmine"",""#A9431E"":""Pantone 1675 C"",""#A99A86"":""Grullo"",""#A9A9A9"":""DarkGray"",""#A9B2C3"":""Crayola Cadet Blue"",""#A9BA9D"":""Laurel green"",""#A9C47F"":""Pantone 577 C"",""#AA0061"":""Pantone 227 C"",""#AA00FF"":""Metro Violet"",""#AA8066"":""Pantone 479 C"",""#AA8A00"":""Pantone 111 C"",""#AA98A9"":""Rose quartz"",""#AA9D2E"":""Pantone 7767 C"",""#AAF0D1"":""Magic mint"",""#AB2328"":""Pantone 7621 C"",""#AB4E52"":""Rose vale"",""#AB5C57"":""Pantone 7523 C"",""#AB82FF"":""MediumPurple1"",""#AB967B"":""Night Tan FS 20450"",""#AB989D"":""Pantone 436 C"",""#ABABAB"":""gray67"",""#ABAD23"":""Pantone 7745 C"",""#ABC7CA"":""Pantone 5513 C"",""#ABCAE9"":""Pantone 277 C"",""#ABCDEF"":""Pale cornflower blue"",""#AC145A"":""Pantone 215 C"",""#AC4FC6"":""Pantone 2582 C"",""#AC8400"":""Pantone 118 C"",""#AC9F3C"":""Pantone 618 C"",""#ACA39A"":""Pantone Warm Gray 5 C"",""#ACACA4"":""Light Gull Gray FS 36440"",""#ACACE6"":""Crayola Maximum Blue Purple"",""#ACBF60"":""Crayola Middle Green Yellow"",""#ACE1AF"":""Celadon"",""#ACE5EE"":""Blizzard Blue"",""#AD1AAC"":""Pantone 253 C"",""#AD6433"":""Pantone 7566 C"",""#AD7C59"":""Pantone 4645 C"",""#AD841F"":""Pantone 1255 C"",""#AD96DC"":""Pantone 2645 C"",""#ADA400"":""Pantone 398 C"",""#ADADAD"":""gray68"",""#ADCAB8"":""Pantone 559 C"",""#ADD8E6"":""LightBlue"",""#ADDC91"":""Pantone 358 C"",""#ADDFAD"":""Moss green"",""#ADFF2F"":""GreenYellow"",""#AE0C00"":""Mordant red 19"",""#AE2029"":""Upsdell red"",""#AE2573"":""Pantone 675 C"",""#AE8A79"":""Pantone 4725 C"",""#AEC6CF"":""Pastel blue"",""#AEEEEE"":""PaleTurquoise2"",""#AF1685"":""Pantone 241 C"",""#AF272F"":""Pantone 1805 C"",""#AF4035"":""Pale carmine"",""#AF593E"":""Crayola Brown"",""#AF5C37"":""Pantone 7585 C"",""#AF6D04"":""Pantone 139 C"",""#AF8D50"":""Tan FS 20260"",""#AF95A6"":""Pantone 5215 C"",""#AF9800"":""Pantone 104 C"",""#AFA96E"":""Pantone 5845 C"",""#AFA9A0"":""Pantone 401 C"",""#AFE313"":""Crayola Inchworm"",""#AFEEEE"":""PaleTurquoise"",""#B0008E"":""Pantone 2405 C"",""#B03060"":""maroon (X11)"",""#B04A5A"":""Pantone 7419 C"",""#B06500"":""Ginger"",""#B06C96"":""Pantone 681 C"",""#B07C83"":""Pantone 5005 C"",""#B0AA7E"":""Pantone 452 C"",""#B0B0B0"":""gray69"",""#B0BDB0"":""Pantone 5655 C"",""#B0C4DE"":""LightSteelBlue"",""#B0E0E6"":""PowderBlue"",""#B0E2FF"":""LightSkyBlue1"",""#B15533"":""Pantone 7592 C"",""#B19CD9"":""Light pastel purple"",""#B1B3B3"":""Pantone Cool Gray 5 C"",""#B1C0BC"":""Pantone 5517 C"",""#B1C9E8"":""Pantone 658 C"",""#B1E4E3"":""Pantone 317 C"",""#B22222"":""firebrick"",""#B23AEE"":""DarkOrchid2"",""#B288B9"":""Pantone 7439 C"",""#B2A68C"":""Sand FS 30372"",""#B2A8A2"":""Pantone 407 C"",""#B2B4B2"":""Pantone 421 C"",""#B2BEB5"":""Ash grey"",""#B2DFEE"":""LightBlue2"",""#B2EC5D"":""Inchworm"",""#B2FFFF"":""Celeste"",""#B31B1B"":""Carnelian"",""#B33B24"":""Crayola Dark Venetian Red"",""#B33D26"":""Pantone 7599 C"",""#B3446C"":""Raspberry rose"",""#B36924"":""Pantone 723 C"",""#B38B6D"":""Light taupe"",""#B39B00"":""Pantone 613 C"",""#B39EB5"":""Pastel purple"",""#B3A369"":""Pantone 4515 C"",""#B3B0C4"":""Pantone 5295 C"",""#B3B3B3"":""gray70"",""#B3B995"":""Pantone 5793 C"",""#B3EE3A"":""OliveDrab2"",""#B452CD"":""MediumOrchid3"",""#B46A55"":""Pantone 7522 C"",""#B46B7A"":""Pantone 695 C"",""#B47E00"":""Pantone 7551 C"",""#B48E5D"":""Tan FS 30257"",""#B4A91F"":""Pantone 7766 C"",""#B4B5DF"":""Pantone 270 C"",""#B4CDCD"":""LightCyan3"",""#B4EEB4"":""DarkSeaGreen2"",""#B51F11"":""Red FS 21105"",""#B52555"":""Pantone 7425 C"",""#B53389"":""Fandango"",""#B55C80"":""Pantone 7432 C"",""#B5651D"":""Light brown"",""#B57281"":""Turkish rose"",""#B580D1"":""Pantone 528 C"",""#B58150"":""Pantone 729 C"",""#B58159"":""Yellow Sand FS 30400"",""#B58500"":""Pantone 125 C"",""#B5A642"":""Brass"",""#B5B35C"":""Crayola Olive Green"",""#B5B5B5"":""gray71"",""#B5BD00"":""Pantone 390 C"",""#B5E3D8"":""Pantone 573 C"",""#B666D2"":""Rich lilac"",""#B67233"":""Pantone 7572 C"",""#B6ADA5"":""Pantone Warm Gray 4 C"",""#B6B8DC"":""Pantone 7444 C"",""#B6CFD0"":""Pantone 5523 C"",""#B7312C"":""Pantone 7620 C"",""#B7410E"":""Rust"",""#B76E79"":""Rose gold"",""#B77729"":""Pantone 7511 C"",""#B784A7"":""Opera mauve"",""#B78727"":""University of California Gold"",""#B78B20"":""Pantone 7556 C"",""#B7A99A"":""Pantone 7529 C"",""#B7B09C"":""Pantone 7535 C"",""#B7B4AB"":""Gray FS 36492"",""#B7BF10"":""Pantone 583 C"",""#B7C9D3"":""Pantone 5445 C"",""#B7CDC2"":""Pantone 622 C"",""#B7CE95"":""Pantone 578 C"",""#B7DD79"":""Pantone 366 C"",""#B83A4B"":""Pantone 703 C"",""#B86125"":""Pantone 471 C"",""#B87333"":""Copper"",""#B884CB"":""Pantone 2573 C"",""#B8860B"":""DarkGoldenrod"",""#B89D18"":""Pantone 457 C"",""#B8B7A3"":""Canadian Voodoo Gray FS 16515"",""#B8B8B8"":""gray72"",""#B8CCEA"":""Pantone 2708 C"",""#B8DDE1"":""Pantone 628 C"",""#B92B27"":""Quora red"",""#B94700"":""Pantone 1525 C"",""#B94E48"":""Crayola Indian Red"",""#B9845C"":""Tan FS 20400"",""#B9975B"":""Pantone 465 C"",""#B9B19C"":""Tan FS 36521"",""#B9D3DC"":""Pantone 552 C"",""#B9D3EE"":""SlateGray2"",""#B9D9EB"":""Pantone 290 C"",""#B9DCD2"":""Pantone 566 C"",""#BA0C2F"":""Pantone 200 C"",""#BA160C"":""International Orange FS 12197"",""#BA55D3"":""MediumOrchid"",""#BA5826"":""Pantone 7584 C"",""#BA9CC5"":""Pantone 522 C"",""#BAB2A5"":""Medium Gray FS 36424"",""#BAB86C"":""Olive Green"",""#BABABA"":""gray73"",""#BABBB1"":""Pantone 413 C"",""#BABC16"":""Pantone 7744 C"",""#BABD8B"":""Pantone 5787 C"",""#BAC5B9"":""Pantone 5665 C"",""#BB16A3"":""Pantone 247 C"",""#BB29BB"":""Pantone Purple C"",""#BB3385"":""Crayola Red-Violet"",""#BB6528"":""Ruddy brown"",""#BBA600"":""Pantone 3975 C"",""#BBB323"":""Pantone 7765 C"",""#BBBCBC"":""Pantone Cool Gray 4 C"",""#BBC592"":""Pantone 7493 C"",""#BBC7D6"":""Pantone 537 C"",""#BBDDE6"":""Pantone 7457 C"",""#BBFFFF"":""PaleTurquoise1"",""#BC204B"":""Pantone 7636 C"",""#BC7756"":""Tan FS 20252"",""#BC8A7E"":""Pantone 7613 C"",""#BC8F8F"":""RosyBrown"",""#BC987E"":""Pale taupe"",""#BCC9C5"":""Pantone 5527 C"",""#BCD19B"":""Pantone 579 C"",""#BCD2EE"":""LightSteelBlue2"",""#BCD4E6"":""Beau blue"",""#BCE194"":""Pantone 7486 C"",""#BCEE68"":""DarkOliveGreen2"",""#BD081C"":""Pinterest red"",""#BD33A4"":""Byzantine"",""#BD472A"":""Pantone 7598 C"",""#BD8846"":""Ochre FS 33434"",""#BD9B60"":""Pantone 7562 C"",""#BDB76B"":""DarkKhaki"",""#BDBDBD"":""gray74"",""#BDC3C7"":""Material Flat Silver"",""#BDC5DB"":""Pantone 7450 C"",""#BDD6E6"":""Pantone 544 C"",""#BDDA57"":""June bud"",""#BE0032"":""Crimson glory"",""#BE3A34"":""Pantone 180 C"",""#BE4D00"":""Pantone 718 C"",""#BE531C"":""Pantone 167 C"",""#BE6A14"":""Pantone 153 C"",""#BE84A3"":""Pantone 687 C"",""#BEBEBE"":""gray (X11)"",""#BEC6C4"":""Pantone 441 C"",""#BEE64B"":""Crayola Light Chrome Green"",""#BF00FF"":""Electric purple"",""#BF0D3E"":""Pantone 193 C"",""#BF3EFF"":""DarkOrchid1"",""#BF8FCC"":""Crayola Lavender (I)"",""#BF9474"":""Pantone 4655 C"",""#BF94E4"":""Bright lavender"",""#BF9BDE"":""Pantone Violet 0631 C"",""#BFA5B8"":""Pantone 5155 C"",""#BFB800"":""Pantone 397 C"",""#BFB8AF"":""Pantone Warm Gray 3 C"",""#BFBB98"":""Pantone 453 C"",""#BFBBB2"":""Gray FS 36559"",""#BFBFBF"":""gray75"",""#BFCC80"":""Pantone 7492 C"",""#BFCEC2"":""Pantone 5595 C"",""#BFCED6"":""Pantone 5455 C"",""#BFEFFF"":""LightBlue1"",""#BFFF00"":""Lemon lime"",""#C0392B"":""Material Flat Pomegranate"",""#C04000"":""Mahogany"",""#C04C36"":""Pantone 7619 C"",""#C05131"":""Pantone 7580 C"",""#C07D59"":""Pantone 7591 C"",""#C08081"":""Old rose"",""#C09C83"":""Pantone 7521 C"",""#C0A392"":""Pantone 4735 C"",""#C0B561"":""Pantone 617 C"",""#C0BB87"":""Pantone 5855 C"",""#C0C0C0"":""silver"",""#C0FF3E"":""OliveDrab1"",""#C154C1"":""Crayola Fuchsia"",""#C16784"":""Pantone 7634 C"",""#C16C18"":""Pantone 7414 C"",""#C19A6B"":""Camel"",""#C1A01E"":""Pantone 7753 C"",""#C1A0DA"":""Pantone 2567 C"",""#C1A7E2"":""Pantone 264 C"",""#C1B2B6"":""Pantone 435 C"",""#C1C6C8"":""Pantone 428 C"",""#C1CDC1"":""honeydew3"",""#C1CDCD"":""azure3"",""#C1FFC1"":""DarkSeaGreen1"",""#C23B22"":""Dark pastel red"",""#C26E60"":""Pantone 7607 C"",""#C2B280"":""Ecru"",""#C2C2C2"":""gray76"",""#C2E189"":""Pantone 365 C"",""#C32148"":""Crayola Maroon"",""#C3B091"":""Colorhexa Khaki"",""#C3C6A8"":""Pantone 5803 C"",""#C3CDE6"":""Crayola Periwinkle"",""#C3D7EE"":""Pantone 2707 C"",""#C41D0A"":""Red FS 31350"",""#C41E3A"":""Cardinal"",""#C4622D"":""Pantone 7583 C"",""#C48490"":""Pantone 694 C"",""#C4A4A7"":""Pantone 7633 C"",""#C4B000"":""Pantone 612 C"",""#C4B200"":""Pantone 7759 C"",""#C4BCB7"":""Pantone 406 C"",""#C4BFB6"":""Pantone 400 C"",""#C4C3D0"":""Lavender gray"",""#C4C4C4"":""gray77"",""#C4D600"":""Pantone 382 C"",""#C4D6A4"":""Pantone 580 C"",""#C4DA99"":""Light Green FS 34552"",""#C5003E"":""Pantone 1935 C"",""#C5299B"":""Pantone 240 C"",""#C54B8C"":""Mulberry"",""#C58B68"":""Pantone 7515 C"",""#C5A900"":""Pantone 103 C"",""#C5B358"":""Vegas gold"",""#C5B4E3"":""Pantone 2635 C"",""#C5B783"":""Pantone 4525 C"",""#C5B9AC"":""Pantone 7528 C"",""#C5CFDA"":""Pantone 538 C"",""#C5E17A"":""Crayola Yellow-Green"",""#C5E86C"":""Pantone 374 C"",""#C6007E"":""Pantone 233 C"",""#C62D42"":""Crayola Brick Red"",""#C63527"":""Pantone 7626 C"",""#C63663"":""Pantone 7635 C"",""#C6579A"":""Pantone 674 C"",""#C66E4E"":""Pantone 7618 C"",""#C67D30"":""Pantone 7571 C"",""#C6858F"":""Pantone 500 C"",""#C6893F"":""Pantone 7510 C"",""#C69214"":""Pantone 1245 C"",""#C6A1CF"":""Pantone 257 C"",""#C6A992"":""Pantone 480 C"",""#C6AA76"":""Pantone 466 C"",""#C6B0BC"":""Pantone 5225 C"",""#C6B490"":""Sand FS 33617"",""#C6BCD0"":""Pantone 665 C"",""#C6C4D2"":""Pantone 5305 C"",""#C6C5CA"":""Light Gray FS 36495"",""#C6C89B"":""Pantone 5797 C"",""#C6D6E3"":""Pantone 643 C"",""#C6DAE7"":""Pantone 545 C"",""#C6E2FF"":""SlateGray1"",""#C71585"":""MediumVioletRed"",""#C724B1"":""Pantone 246 C"",""#C7AB84"":""Middlestone FS 33531"",""#C7C7C7"":""gray78"",""#C7C9A4"":""Sky FS 34554"",""#C7C9C7"":""Pantone 420 C"",""#C800A1"":""Pantone 2395 C"",""#C80815"":""Venetian red"",""#C8102E"":""Pantone 186 C"",""#C8509B"":""Crayola Mulberry"",""#C88242"":""Pantone 722 C"",""#C88A65"":""Crayola Antique Brass"",""#C8A2C8"":""Lilac"",""#C8C1B1"":""Gray FS 36622"",""#C8C8CD"":""Crayola Blue-Gray"",""#C8C9C7"":""Pantone Cool Gray 3 C"",""#C8D8EB"":""Pantone 657 C"",""#C90016"":""Harvard crimson"",""#C964CF"":""Pantone 252 C"",""#C9809E"":""Pantone 7431 C"",""#C98BDB"":""Pantone 2572 C"",""#C996B6"":""Pantone 680 C"",""#C99700"":""Pantone 117 C"",""#C9A0DC"":""Crayola Wisteria"",""#C9B1D0"":""Pantone 523 C"",""#C9C0BB"":""Crayola Silver"",""#C9C9C9"":""gray79"",""#C9D5D1"":""Light Blue FS 35622"",""#C9DC87"":""Medium spring bud"",""#CA2C92"":""Royal fuchsia"",""#CA3435"":""Crayola Mahogany"",""#CA9A8E"":""Pantone 7612 C"",""#CAA2DD"":""Pantone 529 C"",""#CAB64B"":""Pantone 7751 C"",""#CAC7A7"":""Pantone 454 C"",""#CAE1FF"":""LightSteelBlue1"",""#CAFF70"":""DarkOliveGreen1"",""#CB2C30"":""Pantone 711 C"",""#CB333B"":""Pantone 1797 C"",""#CB410B"":""Sinopia"",""#CB4154"":""Brick red"",""#CB6015"":""Pantone 159 C"",""#CB99C9"":""Pastel violet"",""#CBA052"":""Pantone 7407 C"",""#CBA135"":""Satin sheen gold"",""#CBA3D8"":""Pantone 2563 C"",""#CBC4BC"":""Pantone Warm Gray 2 C"",""#CBC793"":""Pantone 5865 C"",""#CBD3EB"":""Pantone 2706 C"",""#CC0000"":""Boston University Red"",""#CC00CC"":""Deep magenta"",""#CC3333"":""Persian red"",""#CC3336"":""Crayola Madder Lake"",""#CC474B"":""Crayola English Vermilion"",""#CC4E5C"":""Dark terra cotta"",""#CC5500"":""Burnt orange"",""#CC553D"":""Crayola Venetian Red"",""#CC6666"":""Fuzzy Wuzzy"",""#CC7722"":""Ochre"",""#CC8899"":""Puce"",""#CC8A00"":""Pantone 131 C"",""#CCA1A6"":""Pantone 5015 C"",""#CCAED0"":""Pantone 7437 C"",""#CCCCCC"":""gray80"",""#CCCCFF"":""Periwinkle"",""#CCFF00"":""Electric lime"",""#CD0000"":""red3"",""#CD00CD"":""magenta3"",""#CD1076"":""DeepPink3"",""#CD201F"":""YouTube red"",""#CD2626"":""firebrick3"",""#CD2990"":""maroon3"",""#CD3278"":""VioletRed3"",""#CD3333"":""brown3"",""#CD3700"":""OrangeRed3"",""#CD4F39"":""tomato3"",""#CD545B"":""Pantone 7418 C"",""#CD5555"":""IndianRed3"",""#CD5700"":""Tawny"",""#CD5B45"":""coral3"",""#CD5C5C"":""IndianRed"",""#CD6090"":""HotPink3"",""#CD6600"":""DarkOrange3"",""#CD661D"":""chocolate3"",""#CD6839"":""sienna3"",""#CD6889"":""PaleVioletRed3"",""#CD69C9"":""orchid3"",""#CD7054"":""salmon3"",""#CD7925"":""Pantone 7565 C"",""#CD7F32"":""Bronze"",""#CD8162"":""LightSalmon3"",""#CD8500"":""orange3"",""#CD853F"":""peru"",""#CD8C95"":""LightPink3"",""#CD919E"":""pink3"",""#CD950C"":""DarkGoldenrod3"",""#CD9575"":""Antique brass"",""#CD96CD"":""plum3"",""#CD9B1D"":""goldenrod3"",""#CD9B9B"":""RosyBrown3"",""#CDA077"":""Pantone 728 C"",""#CDA788"":""Pantone 4665 C"",""#CDAA7D"":""burlywood3"",""#CDAD00"":""gold3"",""#CDAF95"":""PeachPuff3"",""#CDB38B"":""NavajoWhite3"",""#CDB5A7"":""Pantone 4745 C"",""#CDB5CD"":""thistle3"",""#CDB79E"":""bisque3"",""#CDB7B5"":""MistyRose3"",""#CDBA96"":""wheat3"",""#CDBE70"":""LightGoldenrod3"",""#CDC0B0"":""AntiqueWhite3"",""#CDC1C5"":""LavenderBlush3"",""#CDC5BF"":""seashell3"",""#CDC673"":""khaki3"",""#CDC8B1"":""cornsilk3"",""#CDC9A5"":""LemonChiffon3"",""#CDC9C9"":""snow3"",""#CDCD00"":""yellow3"",""#CDCDB4"":""LightYellow3"",""#CDCDC1"":""ivory3"",""#CDEA80"":""Pantone 373 C"",""#CE0037"":""Pantone 206 C"",""#CE0056"":""Pantone Strong Red C"",""#CE0058"":""Pantone Rubine Red C"",""#CE0F69"":""Pantone 214 C"",""#CE2029"":""Fire engine red"",""#CE981A"":""Earth Yellow FS 23275"",""#CEB888"":""Pantone 7502 C"",""#CED9E5"":""Pantone 650 C"",""#CEDC00"":""Pantone 381 C"",""#CF1020"":""Lava"",""#CF4520"":""Pantone 173 C"",""#CF71AF"":""Sky magenta"",""#CF7F00"":""Pantone 145 C"",""#CFB023"":""Pantone 7752 C"",""#CFB500"":""Pantone 606 C"",""#CFB53B"":""Old gold"",""#CFC493"":""Pantone 4535 C"",""#CFCFC4"":""Pastel gray"",""#CFCFCF"":""gray81"",""#CFD8DD"":""Light Blue FS 25550"",""#D0006F"":""Pantone 226 C"",""#D02090"":""VioletRed"",""#D0A1BA"":""Pantone 686 C"",""#D0BEC7"":""Pantone 5235 C"",""#D0C4C5"":""Pantone 434 C"",""#D0C883"":""Pantone 616 C"",""#D0D0CE"":""Pantone Cool Gray 2 C"",""#D0D1AB"":""Pantone 5807 C"",""#D0D3D4"":""Pantone 427 C"",""#D0DEBB"":""Pantone 7485 C"",""#D0DF00"":""Pantone 389 C"",""#D0F0C0"":""Tea green"",""#D14124"":""Pantone 7597 C"",""#D15FEE"":""MediumOrchid2"",""#D19000"":""Pantone 7550 C"",""#D19FE8"":""Bright ube"",""#D1CCBD"":""Pantone 7534 C"",""#D1D1D1"":""gray82"",""#D1DDE6"":""Pantone 642 C"",""#D1E0D7"":""Pantone 621 C"",""#D1E231"":""Pear"",""#D1EEEE"":""LightCyan2"",""#D22630"":""Pantone 1795 C"",""#D25B73"":""Pantone 702 C"",""#D2691E"":""chocolate"",""#D27D46"":""Crayola Raw Sienna"",""#D29F13"":""Pantone 7555 C"",""#D2B48C"":""tan"",""#D2CE9E"":""Pantone 5875 C"",""#D2D755"":""Pantone 584 C"",""#D3003F"":""Utah Crimson"",""#D32200"":""Red FS 31302"",""#D35400"":""Material Flat Pumpkin"",""#D38235"":""Pantone 7412 C"",""#D3832B"":""Pantone 7570 C"",""#D3BBA8"":""Pantone 481 C"",""#D3BC8D"":""Pantone 467 C"",""#D3C0CD"":""Pantone 5165 C"",""#D3D3D3"":""LightGray"",""#D40000"":""Rosso corsa"",""#D45D00"":""Pantone 717 C"",""#D48BC8"":""Pantone 514 C"",""#D4B59E"":""Pantone 7590 C"",""#D4C304"":""Pantone 7758 C"",""#D4D4D4"":""gray83"",""#D4EB8E"":""Pantone 372 C"",""#D50032"":""Pantone 199 C"",""#D539B5"":""Pantone 2385 C"",""#D57800"":""Pantone 1385 C"",""#D592AA"":""Pantone 507 C"",""#D59ED7"":""Pantone 7438 C"",""#D5A286"":""Pantone 7514 C"",""#D5C2D8"":""Pantone 524 C"",""#D5CB9F"":""Pantone 4545 C"",""#D62598"":""Pantone Pink C"",""#D62D20"":""Google Red"",""#D68A59"":""Raw Sienna"",""#D6938A"":""Pantone 7606 C"",""#D69A2D"":""Pantone 7563 C"",""#D6A461"":""Pantone 7509 C"",""#D6AEDD"":""Crayola Purple Mountains' Majesty"",""#D6BFDD"":""Pantone 256 C"",""#D6C9CA"":""Pantone 7632 C"",""#D6CADD"":""Languid lavender"",""#D6CF8D"":""Pantone 615 C"",""#D6D2C4"":""Pantone 7527 C"",""#D6D6D6"":""gray84"",""#D70040"":""Rich carmine"",""#D70A53"":""Debian red"",""#D71868"":""Dogwood rose"",""#D73B3E"":""Jasper"",""#D78825"":""Pantone 7569 C"",""#D7A3AB"":""Pantone 693 C"",""#D7A9E3"":""Pantone 2562 C"",""#D7B9E4"":""Pantone 530 C"",""#D7C4B7"":""Pantone 4755 C"",""#D7C6E6"":""Pantone 263 C"",""#D7C826"":""Pantone 611 C"",""#D7D2CB"":""Pantone Warm Gray 1 C"",""#D80073"":""Metro Magenta"",""#D86018"":""Pantone 1595 C"",""#D8BFD8"":""thistle"",""#D8C8D1"":""Pantone 5175 C"",""#D8D7DF"":""Pantone 5315 C"",""#D8EFAB"":""Green FS 34666"",""#D9004C"":""UA red"",""#D92121"":""Crayola Maximum Red"",""#D96CBE"":""Crayola Medium Rose"",""#D982B5"":""Crayola Middle Purple"",""#D986BA"":""Pantone 673 C"",""#D99058"":""Persian orange"",""#D99A6C"":""Crayola Tan"",""#D9B48F"":""Pantone 727 C"",""#D9C756"":""Pantone 458 C"",""#D9C89E"":""Pantone 7501 C"",""#D9D6CF"":""Crayola Timberwolf"",""#D9D9D6"":""Pantone Cool Gray 1 C"",""#D9D9D9"":""gray85"",""#D9E1E2"":""Pantone 7541 C"",""#D9E650"":""Crayola Maximum Green Yellow"",""#DA1884"":""Pantone 219 C"",""#DA1D81"":""Vivid cerise"",""#DA291C"":""Pantone 485 C"",""#DA3287"":""Crayola Cerise"",""#DA552F"":""ProductHunt orange"",""#DA70D6"":""orchid"",""#DA8A67"":""Crayola Copper"",""#DA9100"":""Harvest Gold"",""#DAA520"":""goldenrod"",""#DAA5AD"":""Pantone 501 C"",""#DAAA00"":""Pantone 110 C"",""#DB3EB1"":""Pantone 239 C"",""#DB5079"":""Crayola Blush"",""#DB7093"":""PaleVioletRed"",""#DB864E"":""Pantone 7576 C"",""#DB8A06"":""Pantone 7564 C"",""#DBB7BB"":""Pantone 5025 C"",""#DBC8B6"":""Pantone 482 C"",""#DBCCA5"":""Cream FS 23578"",""#DBCDD3"":""Pantone 5245 C"",""#DBD7D2"":""Timberwolf"",""#DBDBDB"":""gray86"",""#DBDE70"":""Pantone 585 C"",""#DBE2E9"":""Pantone 649 C"",""#DBE442"":""Pantone 380 C"",""#DBE568"":""Lime Yellow FS 13670"",""#DC143C"":""crimson"",""#DC4405"":""Pantone 1665 C"",""#DC582A"":""Pantone 7579 C"",""#DC6B2F"":""Pantone 7578 C"",""#DC8633"":""Pantone 7413 C"",""#DC8699"":""Pantone 493 C"",""#DCA9BF"":""Pantone 7430 C"",""#DCB6C9"":""Pantone 685 C"",""#DCBFA6"":""Pantone 4675 C"",""#DCD0FF"":""Pale lavender"",""#DCD59A"":""Pantone 614 C"",""#DCDCDC"":""gainsboro"",""#DD4B39"":""Google Plus orange"",""#DD7FD3"":""Pantone 245 C"",""#DD9CDF"":""Pantone 251 C"",""#DDA0DD"":""plum"",""#DDA46F"":""Pantone 721 C"",""#DDADAF"":""Pale chestnut"",""#DDBCB0"":""Pantone 7611 C"",""#DDCBA4"":""Pantone 468 C"",""#DDDAE8"":""Pantone 7443 C"",""#DDE5ED"":""Pantone 656 C"",""#DE3163"":""Cherry"",""#DE5D83"":""Blush"",""#DE6FA1"":""Thulian pink"",""#DE7C00"":""Pantone 138 C"",""#DEA681"":""Crayola Tumbleweed"",""#DEAA88"":""Tumbleweed"",""#DEB887"":""burlywood"",""#DEBED2"":""Pantone 679 C"",""#DEC26E"":""Beige FS 23594"",""#DECD63"":""Pantone 459 C"",""#DEDEDE"":""gray87"",""#DF00FF"":""Phlox"",""#DF1995"":""Pantone 225 C"",""#DF2029"":""Weibo red"",""#DF4661"":""Pantone 198 C"",""#DF73FF"":""Heliotrope"",""#DFA0C9"":""Pantone 672 C"",""#DFC2C3"":""Pantone 5035 C"",""#DFC8E7"":""Pantone 531 C"",""#DFCBA8"":""Sand FS 33711"",""#DFD1A7"":""Pantone 7500 C"",""#E0004D"":""Pantone 1925 C"",""#E0115F"":""Ruby"",""#E03C31"":""Pantone 179 C"",""#E03E52"":""Pantone 710 C"",""#E0457B"":""Pantone 205 C"",""#E04E39"":""Pantone 7417 C"",""#E06287"":""Pantone 7423 C"",""#E066FF"":""MediumOrchid1"",""#E07E3C"":""Pantone 7577 C"",""#E08D3C"":""Tiger eye"",""#E09F69"":""Tan FS 22516"",""#E0B0FF"":""Mauve"",""#E0C09F"":""Pantone 726 C"",""#E0C6AD"":""Pantone 4685 C"",""#E0DBE3"":""Pantone 664 C"",""#E0E0E0"":""gray88"",""#E0E27C"":""Pantone 586 C"",""#E0E721"":""Pantone 388 C"",""#E0EEE0"":""honeydew2"",""#E0EEEE"":""azure2"",""#E0FFFF"":""LightCyan"",""#E10098"":""Pantone Rhodamine Red C"",""#E12C2C"":""Crayola Permanent Geranium Lake"",""#E1523D"":""Pantone 7625 C"",""#E18E96"":""Ruddy pink"",""#E1A95F"":""Earth yellow"",""#E1AD21"":""Urobilin"",""#E1B7A7"":""Pantone 7513 C"",""#E1B87F"":""Pantone 7508 C"",""#E1BBB4"":""Pantone 7605 C"",""#E1CD00"":""Pantone 605 C"",""#E1D555"":""Pantone 610 C"",""#E1E000"":""Pantone 396 C"",""#E2062C"":""Medium candy apple red"",""#E24585"":""Pantone 7424 C"",""#E25098"":""Raspberry pink"",""#E25822"":""Flame"",""#E2725B"":""Terra cotta"",""#E277CD"":""Pantone 2375 C"",""#E29CD2"":""Crayola Orchid"",""#E2ACD7"":""Pantone 515 C"",""#E2BCCB"":""Pantone 7429 C"",""#E2C293"":""Sand FS 32648"",""#E2E868"":""Pantone 379 C"",""#E30022"":""Cadmium red"",""#E30B5C"":""Crayola Razzmatazz"",""#E30B5D"":""Raspberry"",""#E31C79"":""Pantone 213 C"",""#E3256B"":""Razzmatazz"",""#E32636"":""Alizarin crimson"",""#E34234"":""Vermilion"",""#E35205"":""Pantone 166 C"",""#E3A857"":""Indian yellow"",""#E3C800"":""Metro Yellow"",""#E3C8D8"":""Pantone 678 C"",""#E3CFB7"":""Sand FS 33690"",""#E3DAC9"":""Bone"",""#E3E3E3"":""gray89"",""#E3E48D"":""Pantone 587 C"",""#E3E935"":""Pantone 387 C"",""#E4002B"":""Pantone 185 C"",""#E40046"":""Pantone 192 C"",""#E43301"":""Red FS 21310"",""#E45DBF"":""Pantone 238 C"",""#E4717A"":""Candy pink"",""#E48400"":""Fulvous"",""#E49B0F"":""Gamboge"",""#E4A9BB"":""Pantone 508 C"",""#E4BEC3"":""Pantone 692 C"",""#E4C6D4"":""Pantone 684 C"",""#E4D00A"":""Citrine"",""#E4D5D3"":""Pantone 7604 C"",""#E4D77E"":""Pantone 460 C"",""#E4D96F"":""Straw"",""#E51400"":""Metro Red"",""#E52B50"":""Amaranth"",""#E56A54"":""Pantone 7416 C"",""#E56DB1"":""Pantone 218 C"",""#E57200"":""Pantone 152 C"",""#E59073"":""Crayola Middle Red"",""#E59BDC"":""Pantone 244 C"",""#E59E6D"":""Pantone 472 C"",""#E5AA70"":""Fawn"",""#E5B73B"":""Meat brown"",""#E5BAC1"":""Pantone 502 C"",""#E5CEDB"":""Pantone 677 C"",""#E5E1E6"":""Pantone 663 C"",""#E5E4E2"":""Platinum"",""#E5E5E5"":""gray90"",""#E62020"":""Lust"",""#E62E6B"":""Crayola Carmine"",""#E66771"":""Light carmine pink"",""#E667CE"":""Crayola Brilliant Rose"",""#E6735C"":""Crayola Light Venetian Red"",""#E67E22"":""Material Flat Carrot"",""#E68699"":""Pantone 701 C"",""#E68FAC"":""Light Thulian pink"",""#E6A65D"":""Pantone 7411 C"",""#E6BAA8"":""Pantone 7415 C"",""#E6BC5C"":""Crayola Raw Sienna (I)"",""#E6BCD8"":""Pantone 671 C"",""#E6BE8A"":""Crayola Gold (II)"",""#E6BEDD"":""Pantone 516 C"",""#E6DE77"":""Pantone 609 C"",""#E6E200"":""Peridot"",""#E6E6FA"":""lavender"",""#E6E8FA"":""Glitter"",""#E74C3C"":""Material Flat Alizarin"",""#E75480"":""Dark pink"",""#E77200"":""Crayola Mango Tango"",""#E782A9"":""Pantone 204 C"",""#E7ACCF"":""Pink pearl"",""#E7B78A"":""Pantone 720 C"",""#E7BAE4"":""Pantone 250 C"",""#E7FEFF"":""Bubbles"",""#E8000D"":""KU Crimson"",""#E87722"":""Pantone 158 C"",""#E8927C"":""Pantone 486 C"",""#E89CAE"":""Pantone 197 C"",""#E8B3C3"":""Pantone 509 C"",""#E8E8E8"":""gray91"",""#E93CAC"":""Pantone 232 C"",""#E94400"":""Red FS 21400"",""#E9692C"":""Deep carrot orange"",""#E97451"":""Crayola Burnt Sienna"",""#E9967A"":""DarkSalmon"",""#E9A2B2"":""Pantone 494 C"",""#E9C4C7"":""Pantone 503 C"",""#E9CDD0"":""Pantone 691 C"",""#E9D66B"":""Hansa yellow"",""#E9DF97"":""Pantone 461 C"",""#E9E186"":""Pantone 608 C"",""#E9EC6B"":""Pantone 386 C"",""#EA27C2"":""Pantone 807 C"",""#EA4C89"":""Dribble pink"",""#EA7600"":""Pantone 716 C"",""#EAA794"":""Pantone 487 C"",""#EAAA00"":""Pantone 124 C"",""#EAB8E4"":""Pantone 243 C"",""#EABEB0"":""Pantone 7520 C"",""#EABEDB"":""Pantone 217 C"",""#EAD3E2"":""Pantone 670 C"",""#EADA24"":""Pantone 604 C"",""#EAE0C8"":""Pearl"",""#EB4924"":""StumbleUpon orange"",""#EB4C42"":""Carmine pink"",""#EB6FBD"":""Pantone 224 C"",""#EBB0D7"":""Crayola Thistle"",""#EBBECB"":""Pantone 510 C"",""#EBC6DF"":""Pantone 517 C"",""#EBE49A"":""Pantone 607 C"",""#EBEBEB"":""gray92"",""#EC3B83"":""Cerise pink"",""#EC86D0"":""Pantone 237 C"",""#ECA154"":""Pantone 157 C"",""#ECB176"":""Crayola Middle Yellow Red"",""#ECB2A6"":""Pink FS 11630"",""#ECB3CB"":""Pantone 203 C"",""#ECBAA8"":""Pantone 488 C"",""#ECC3B2"":""Pantone 489 C"",""#ECC7CD"":""Pantone 196 C"",""#ECD540"":""Sandstorm"",""#ECD898"":""Pantone 7402 C"",""#ECE81A"":""Pantone 395 C"",""#ECEBBD"":""Crayola Spring Green"",""#ED0A3F"":""Crayola Red"",""#ED872D"":""Cadmium orange"",""#ED8B00"":""Pantone 144 C"",""#ED9121"":""Carrot orange"",""#EDC8A3"":""Pantone 719 C"",""#EDC9AF"":""Crayola Desert Sand"",""#EDE04B"":""Pantone 603 C"",""#EDE939"":""Pantone 394 C"",""#EDEDED"":""gray93"",""#EDF2F8"":""Insignia White FS 17875"",""#EE0000"":""red2"",""#EE00EE"":""magenta2"",""#EE1289"":""DeepPink2"",""#EE2737"":""Pantone 1788 C"",""#EE2C2C"":""firebrick2"",""#EE30A7"":""maroon2"",""#EE3A8C"":""VioletRed2"",""#EE3B3B"":""brown2"",""#EE4000"":""OrangeRed2"",""#EE5C42"":""tomato2"",""#EE6363"":""IndianRed2"",""#EE6A50"":""coral2"",""#EE6AA7"":""HotPink2"",""#EE7600"":""DarkOrange2"",""#EE7621"":""chocolate2"",""#EE7942"":""sienna2"",""#EE799F"":""PaleVioletRed2"",""#EE7AE9"":""orchid2"",""#EE8262"":""salmon2"",""#EE82EE"":""violet"",""#EE9572"":""LightSalmon2"",""#EE9A00"":""orange2"",""#EE9A49"":""tan2"",""#EEA2AD"":""LightPink2"",""#EEA9B8"":""pink2"",""#EEAD0E"":""DarkGoldenrod2"",""#EEAEEE"":""plum2"",""#EEB422"":""goldenrod2"",""#EEB4B4"":""RosyBrown2"",""#EEC591"":""burlywood2"",""#EEC900"":""gold2"",""#EECBAD"":""PeachPuff2"",""#EECFA1"":""NavajoWhite2"",""#EED2EE"":""thistle2"",""#EED484"":""Pantone 7403 C"",""#EED5B7"":""bisque2"",""#EED5D2"":""MistyRose2"",""#EED8AE"":""wheat2"",""#EED9C4"":""Crayola Almond"",""#EEDAEA"":""Pantone 7436 C"",""#EEDC00"":""Pantone 3965 C"",""#EEDC82"":""LightGoldenrod2"",""#EEDD82"":""LightGoldenrod"",""#EEDDAF"":""Sand FS 23722"",""#EEDFCC"":""AntiqueWhite2"",""#EEE0E5"":""LavenderBlush2"",""#EEE5DE"":""seashell2"",""#EEE600"":""Titanium yellow"",""#EEE685"":""khaki2"",""#EEE8AA"":""PaleGoldenrod"",""#EEE8CD"":""cornsilk2"",""#EEE9BF"":""LemonChiffon2"",""#EEE9E9"":""snow2"",""#EEEE00"":""yellow2"",""#EEEED1"":""LightYellow2"",""#EEEEE0"":""ivory2"",""#EF3038"":""Deep carmine pink"",""#EF3340"":""Pantone Red 032 C"",""#EF426F"":""Pantone 191 C"",""#EF4A81"":""Pantone 1915 C"",""#EF6079"":""Pantone 709 C"",""#EF6C00"":""Orange FS 32473"",""#EF95CF"":""Pantone 223 C"",""#EF98AA"":""Mauvelous"",""#EFBAE1"":""Pantone 2365 C"",""#EFBE7D"":""Pantone 156 C"",""#EFD19F"":""Pantone 155 C"",""#EFDBB2"":""Pantone 7506 C"",""#EFDECD"":""Almond"",""#EFDF00"":""Pantone 3955 C"",""#F04E98"":""Pantone 212 C"",""#F08080"":""LightCoral"",""#F091A9"":""Crayola Mauvelous"",""#F0A30A"":""Metro Amber"",""#F0B323"":""Pantone 7409 C"",""#F0BF9B"":""Pantone 473 C"",""#F0D6B1"":""Sand FS 33717"",""#F0DC82"":""Buff"",""#F0E130"":""Dandelion"",""#F0E68C"":""khaki"",""#F0E87B"":""Pantone 602 C"",""#F0E991"":""Pantone 601 C"",""#F0EAD6"":""Eggshell"",""#F0EC74"":""Pantone 393 C"",""#F0F0F0"":""gray94"",""#F0F8FF"":""AliceBlue"",""#F0FFF0"":""honeydew"",""#F0FFFF"":""azure"",""#F1A7DC"":""Pantone 236 C"",""#F1B2DC"":""Pantone Magenta 0521 C"",""#F1B434"":""Pantone 143 C"",""#F1BDC8"":""Pantone 495 C"",""#F1BE48"":""Pantone 142 C"",""#F1C400"":""Pantone 7406 C"",""#F1C40F"":""Material Flat Sunflower"",""#F1C6A7"":""Pantone 474 C"",""#F1C7A1"":""Radome Tan FS 33613"",""#F1E6B2"":""Pantone 7499 C"",""#F1E788"":""Crayola Green-Yellow"",""#F1EB9C"":""Pantone 600 C"",""#F277C6"":""Pantone 231 C"",""#F28500"":""Tangerine"",""#F2A900"":""Pantone 130 C"",""#F2ACB9"":""Pantone 700 C"",""#F2BA49"":""Crayola Maximum Yellow Red"",""#F2C649"":""Crayola Maize"",""#F2C6CF"":""Pantone 496 C"",""#F2C75C"":""Pantone 141 C"",""#F2CD00"":""Pantone 7405 C"",""#F2D4D7"":""Pantone 698 C"",""#F2F0A1"":""Pantone Yellow 0131 C"",""#F2F2F2"":""gray95"",""#F2F3F4"":""Munsell"",""#F39C12"":""Material Flat Orange"",""#F3CFB3"":""Pantone 475 C"",""#F3D03E"":""Pantone 129 C"",""#F3D54E"":""Pantone 128 C"",""#F3DD6D"":""Pantone 127 C"",""#F3E500"":""Pantone 3945 C"",""#F3E5AB"":""Vanilla"",""#F3EA5D"":""Pantone 3935 C"",""#F400A1"":""Hollywood cerise"",""#F4364C"":""Pantone 1787 C"",""#F472D0"":""Metro Pink"",""#F49AC2"":""Pastel magenta"",""#F4A460"":""SandyBrown"",""#F4A6D7"":""Pantone 230 C"",""#F4BBFF"":""Electric lavender"",""#F4C2C2"":""Baby pink"",""#F4C3CC"":""Pantone 699 C"",""#F4C430"":""Saffron"",""#F4CDD4"":""Pantone 7422 C"",""#F4DA40"":""Pantone 7404 C"",""#F4F0EC"":""Isabelline"",""#F56991"":""Light Crimson"",""#F57EB6"":""Pantone 211 C"",""#F59BBB"":""Pantone 1905 C"",""#F5AB30"":""Orange Yellow FS 13538"",""#F5B6CD"":""Pantone 1895 C"",""#F5CA86"":""Yellow Sand FS 33695"",""#F5DADF"":""Pantone 705 C"",""#F5DEB3"":""wheat"",""#F5E1A4"":""Pantone 7401 C"",""#F5F5DC"":""beige"",""#F5F5F5"":""WhiteSmoke"",""#F5FFFA"":""MintCream"",""#F64A8A"":""French rose"",""#F65275"":""Pantone 184 C"",""#F653A6"":""Crayola Magenta"",""#F67599"":""Pantone 190 C"",""#F68D2E"":""Pantone 715 C"",""#F6ADC6"":""Nadeshiko pink"",""#F6BE00"":""Pantone 7408 C"",""#F6EB61"":""Pantone 100 C"",""#F7468A"":""Crayola Violet-Red"",""#F75394"":""Violet Red"",""#F77FBE"":""Persian pink"",""#F78FA7"":""Pink Sherbet"",""#F7A38E"":""Crayola Pink Sherbert"",""#F7CED7"":""Pantone 706 C"",""#F7D100"":""Yellow FS 13591"",""#F7E98E"":""Flavescent"",""#F7EA48"":""Pantone 101 C"",""#F7F7F7"":""gray97"",""#F84603"":""Amazon Red"",""#F8485E"":""Pantone 1785 C"",""#F88379"":""Coral pink"",""#F890A5"":""Pantone 708 C"",""#F8A3BC"":""Pantone 189 C"",""#F8D568"":""Crayola Orange-Yellow"",""#F8DE7E"":""Jasmine"",""#F8E08E"":""Pantone 1205 C"",""#F8F4FF"":""Magnolia"",""#F8F8FF"":""GhostWhite"",""#F8F9F3"":""Insignia White FS 17925"",""#F93822"":""Pantone Bright Red C"",""#F9423A"":""Pantone Warm Red C"",""#F9429E"":""Rose bonbon"",""#F94877"":""FourSquare pink"",""#F94D00"":""Tangelo"",""#F984E5"":""Pale magenta"",""#F984EF"":""Light fuchsia pink"",""#F99FC9"":""Pantone 210 C"",""#F9B5C4"":""Pantone 707 C"",""#F9E547"":""Pantone 106 C"",""#FA4616"":""Pantone 172 C"",""#FA6800"":""Metro Orange"",""#FA8072"":""salmon"",""#FABBCB"":""Pantone 182 C"",""#FACC7F"":""Yellow Sand FS 23697"",""#FAD6A5"":""Champagne"",""#FADA5E"":""Jonquil"",""#FADADD"":""Pale pink"",""#FADFAD"":""Peach yellow"",""#FAE053"":""Pantone 113 C"",""#FAE7B5"":""Banana Mania"",""#FAEBD7"":""AntiqueWhite"",""#FAF0BE"":""Blond"",""#FAF0E6"":""linen"",""#FAFA37"":""Crayola Maximum Yellow"",""#FAFAD2"":""LightGoldenrodYellow"",""#FAFAFA"":""gray98"",""#FB2B11"":""Fluorescent Red FS 28915"",""#FB607F"":""Brink pink"",""#FB637E"":""Pantone 1777 C"",""#FBA0E3"":""Lavender rose"",""#FBAED2"":""Crayola Lavender (II)"",""#FBCCE7"":""Classic rose"",""#FBCEB1"":""Apricot"",""#FBD872"":""Pantone 1215 C"",""#FBDB65"":""Pantone 120 C"",""#FBDD40"":""Pantone 114 C"",""#FBE122"":""Pantone 107 C"",""#FBE7B2"":""Crayola Banana Mania"",""#FCE883"":""Crayola Yellow"",""#FBEC5D"":""Corn"",""#FBFEEB"":""White FS 27780"",""#FC0FC0"":""Shocking pink"",""#FC4827"":""Fluorescent Red Orange FS 18913"",""#FC4C02"":""Pantone 1655 C"",""#FC6C85"":""Wild Watermelon"",""#FC74FD"":""Crayola Pink Flamingo"",""#FC80A5"":""Crayola Tickle Me Pink"",""#FC89AC"":""Tickle Me Pink"",""#FC8EAC"":""Flamingo pink"",""#FC9BB3"":""Pantone 183 C"",""#FCAEBB"":""Pantone Red 0331 C"",""#FCAFC0"":""Pantone 1767 C"",""#FCC200"":""Golden poppy"",""#FCC89B"":""Pantone 712 C"",""#FCCE16"":""Yellow FS 23655"",""#FCD299"":""Pantone 7507 C"",""#FCD667"":""Crayola Goldenrod"",""#FCE300"":""Pantone 102 C"",""#FCF75E"":""Icterine"",""#FCFCFC"":""gray99"",""#FD0E35"":""Crayola Scarlet"",""#FD5E53"":""Sunset Orange"",""#FDAA63"":""Pantone 714 C"",""#FDBCB4"":""Melon"",""#FDBE87"":""Pantone 713 C"",""#FDD086"":""Pantone 1345 C"",""#FDD26E"":""Pantone 134 C"",""#FDD31D"":""Blue Angels Yellow FS 13655"",""#FDD5B1"":""Crayola Apricot"",""#FDD757"":""Pantone 121 C"",""#FDD7E4"":""Crayola Pig Pink"",""#FDDA24"":""Pantone 115 C"",""#FDDDE6"":""Piggy pink"",""#FDEE00"":""Aureolin"",""#FDF5E6"":""OldLace"",""#FDFBD2"":""White FS 37855"",""#FDFD96"":""Pastel yellow"",""#FE28A2"":""Persian rose"",""#FE4728"":""Fluorescent Red Orange FS 28913"",""#FE4C40"":""Crayola Sunset Orange"",""#FE4EDA"":""Purple pizzazz"",""#FE5000"":""Pantone Orange 021 C"",""#FE59C2"":""Neon fuchsia"",""#FE6F5E"":""Crayola Bittersweet"",""#FEAD77"":""Pantone 7410 C"",""#FEBAAD"":""Crayola Melon"",""#FEC110"":""Orange Yellow FS 33538"",""#FECB8B"":""Pantone 148 C"",""#FED141"":""Pantone 122 C"",""#FED85D"":""Crayola Dandelion"",""#FEDB00"":""Pantone 108 C"",""#FEDD00"":""Pantone Yellow C"",""#FEFE22"":""Laser Lemon"",""#FF0000"":""red"",""#FF0028"":""Ruddy"",""#FF0038"":""Carmine red"",""#FF003F"":""Electric crimson"",""#FF0040"":""Carmine"",""#FF004F"":""Folly"",""#FF007F"":""Rose"",""#FF0084"":""Flickr pink"",""#FF00FF"":""magenta1"",""#FF033E"":""American rose"",""#FF0800"":""Candy apple red"",""#FF1493"":""DeepPink"",""#FF1DCE"":""Hot magenta"",""#FF2052"":""Awesome"",""#FF2400"":""Scarlet"",""#FF2800"":""Ferrari Red"",""#FF3030"":""firebrick1"",""#FF3399"":""Crayola Wild Strawberry"",""#FF33CC"":""Razzle dazzle rose"",""#FF34B3"":""maroon1"",""#FF355E"":""Radical Red"",""#FF3800"":""Coquelicot"",""#FF3E96"":""VioletRed1"",""#FF3EB5"":""Pantone 806 C"",""#FF4040"":""brown1"",""#FF43A4"":""Wild Strawberry"",""#FF4500"":""OrangeRed"",""#FF4F00"":""International orange"",""#FF3F34"":""Crayola Orange-Red"",""#FF5349"":""Red Orange"",""#FF55A3"":""Brilliant rose"",""#FF5700"":""Reddit orange"",""#FF585D"":""Pantone 178 C"",""#FF5A36"":""Portland Orange"",""#FF5C39"":""Pantone 171 C"",""#FF5E00"":""Pantone Bright Orange C"",""#FF6347"":""tomato"",""#FF6600"":""HackerNews orange"",""#FF66CC"":""Rose pink"",""#FF6700"":""Safety orange"",""#FF671F"":""Pantone 165 C"",""#FF681F"":""Crayola Red-Orange"",""#FF6900"":""Pantone 1505 C"",""#FF6961"":""Pastel red"",""#FF69B4"":""HotPink"",""#FF6A13"":""Pantone 1585 C"",""#FF6A39"":""Pantone 1645 C"",""#FF6A6A"":""IndianRed1"",""#FF6E4A"":""Outrageous Orange"",""#FF6EB4"":""HotPink1"",""#FF6FFF"":""Ultra pink"",""#FF7256"":""coral1"",""#FF7276"":""Pantone 805 C"",""#FF7518"":""Pumpkin"",""#FF77FF"":""Fuchsia pink"",""#FF7F00"":""DarkOrange1"",""#FF7F24"":""chocolate1"",""#FF7F32"":""Pantone 1575 C"",""#FF7F41"":""Pantone 164 C"",""#FF7034"":""Crayola Burnt Orange"",""#FF7F50"":""coral"",""#FF808B"":""Pantone 177 C"",""#FF8200"":""Pantone 151 C"",""#FF8243"":""Mango Tango"",""#FF8247"":""sienna1"",""#FF82AB"":""PaleVioletRed1"",""#FF83FA"":""orchid1"",""#FF8674"":""Pantone 170 C"",""#FF8864"":""Crayola Orange"",""#FF8C00"":""DarkOrange"",""#FF8C69"":""Salmon (Colorhexa)"",""#FF8D6D"":""Pantone 1635 C"",""#FF8DA1"":""Pantone 1775 C"",""#FF8F00"":""Princeton orange"",""#FF8F1C"":""Pantone 1495 C"",""#FF91A4"":""Crayola Salmon"",""#FF9616"":""Amazon Organge"",""#FF9933"":""Deep saffron"",""#FF9966"":""Atomic tangerine"",""#FF9980"":""Crayola Vivid Tangerine"",""#FF9999"":""Light salmon pink"",""#FF9D6E"":""Pantone 163 C"",""#FF9E1B"":""Pantone 1375 C"",""#FF9F00"":""Orange peel"",""#FFA06A"":""Pantone 1565 C"",""#FFA07A"":""LightSalmon"",""#FFA089"":""Vivid tangerine"",""#FFA300"":""Pantone 137 C"",""#FFA343"":""Neon Carrot"",""#FFA38B"":""Pantone 1625 C"",""#FFA3B5"":""Pantone 1765 C"",""#FFA500"":""orange"",""#FFA54F"":""tan1"",""#FFA6C9"":""Crayola Carnation Pink"",""#FFA700"":""Google Orange"",""#FFA812"":""Dark tangerine"",""#FFAA4D"":""Pantone 804 C"",""#FFAE42"":""Crayola Yellow-Orange"",""#FFAE62"":""Pantone 1485 C"",""#FFAEB9"":""LightPink1"",""#FFB1BB"":""Pantone 176 C"",""#FFB25B"":""Pantone 150 C"",""#FFB300"":""UCLA Gold"",""#FFB347"":""Pastel orange"",""#FFB3AB"":""Pantone 169 C"",""#FFB500"":""Pantone 7549 C"",""#FFB549"":""Pantone 1365 C"",""#FFB5C5"":""pink1"",""#FFB6C1"":""LightPink"",""#FFB7C5"":""Cherry blossom pink"",""#FFB7D5"":""Crayola Cotton Candy"",""#FFB81C"":""Pantone 1235 C"",""#FFB90F"":""DarkGoldenrod1"",""#FFB97B"":""Crayola Macaroni and Cheese"",""#FFB990"":""Pantone 1555 C"",""#FFBA00"":""Selective yellow"",""#FFBBFF"":""plum1"",""#FFBCD9"":""Cotton candy"",""#FFBD88"":""Macaroni and Cheese"",""#FFBE9F"":""Pantone 162 C"",""#FFBF00"":""Amber"",""#FFBF3F"":""Pantone 136 C"",""#FFC0CB"":""pink"",""#FFC125"":""goldenrod1"",""#FFC1C1"":""RosyBrown1"",""#FFC1CC"":""Bubble gum"",""#FFC27B"":""Pantone 149 C"",""#FFC40C"":""Mikado yellow"",""#FFC56E"":""Pantone 1355 C"",""#FFC600"":""Pantone 7548 C"",""#FFC658"":""Pantone 135 C"",""#FFC72C"":""Pantone 123 C"",""#FFC845"":""Pantone 1225 C"",""#FFC87C"":""Topaz"",""#FFCB00"":""Amazon Yeallow"",""#FFCBA4"":""Crayola Peach"",""#FFCC00"":""USC Gold"",""#FFCC33"":""Sunglow"",""#FFCD00"":""Pantone 116 C"",""#FFD100"":""Pantone 109 C"",""#FFD1DC"":""Pastel pink"",""#FFD39B"":""burlywood1"",""#FFD700"":""gold"",""#FFD800"":""School bus yellow"",""#FFD900"":""Pantone Medium Yellow C"",""#FFDAB9"":""PeachPuff"",""#FFDB58"":""Mustard"",""#FFDEAD"":""NavajoWhite"",""#FFDF00"":""Golden yellow"",""#FFE135"":""Banana yellow"",""#FFE1FF"":""thistle1"",""#FFE4B5"":""moccasin"",""#FFE4C4"":""bisque"",""#FFE4E1"":""MistyRose"",""#FFE5B4"":""Peach"",""#FFE7BA"":""wheat1"",""#FFE900"":""Pantone 803 C"",""#FFEB00"":""Crayola Middle Yellow"",""#FFEBCD"":""BlanchedAlmond"",""#FFEC8B"":""LightGoldenrod1"",""#FFEF00"":""Canary yellow"",""#FFEFD5"":""PapayaWhip"",""#FFEFDB"":""AntiqueWhite1"",""#FFF0F5"":""LavenderBlush"",""#FFF44F"":""Lemon Yellow"",""#FFF5EE"":""seashell"",""#FFF600"":""Cadmium yellow"",""#FFF68F"":""khaki1"",""#FFF700"":""Lemon"",""#FFF8DC"":""cornsilk"",""#FFF8E7"":""Cosmic latte"",""#FFFACD"":""LemonChiffon"",""#FFFAF0"":""FloralWhite"",""#FFFAFA"":""snow"",""#FFFC00"":""SnapChat yellow"",""#FFFDD0"":""Cream"",""#FFFF00"":""yellow"",""#FFFF31"":""Daffodil"",""#FFFF66"":""Unmellow Yellow"",""#FFFF99"":""Crayola Canary"",""#FFFF9F"":""Crayola Lemon Yellow"",""#FFFFE0"":""LightYellow"",""#FFFFED"":""Light yellow"",""#FFFFF0"":""ivory"",""#FFFFFF"":""white""}
    # 2016-09-03 19:33 (local time) rgbcsv2colordict.py rgb_combined_v05.csv.txt output 2790 rows.
    # WARNING: The two row counts above must match.

    try :
        NearestRGB = (RGB[spatial.KDTree(RGB).query(pt)[1]]) # using function from scipy spatial library.
    except Exception:
        return ""Error in array matching. Run aborted.""

    # Instead of str(hex(pt[0])[2:]) in Python2, this is Python3 compatible:
    s = '#' \
    + format(NearestRGB[0],'x').zfill(2) \
    + format(NearestRGB[1],'x').zfill(2) \
    + format(NearestRGB[2],'x').zfill(2)
    ColorHex = s.upper() # ""#8B7355""  # ""#8B7355"" 
    
    ColorDiff = \
     '('+'{0:+d}'.format(NearestRGB[0]-pt[0]) \
    +','+'{0:+d}'.format(NearestRGB[1]-pt[1]) \
    +','+'{0:+d}'.format(NearestRGB[2]-pt[2]) \
    +')'
    ColorName=HexNameDict[ColorHex] # Lookup color name using Hex:ColorName dictionary:
    return '{""'+ColorName+'"",['+ str(NearestRGB[0])+','+str(NearestRGB[1])+','+str(NearestRGB[2])+'],""'+ColorHex+'"",""'+ColorDiff+'""}'",python,2,0.7,4
"def list_availability_zone_names():
    response = ec2client.describe_availability_zones()
    zones = []
    for zone in response['AvailabilityZones']:
        zones.append(zone['ZoneName'])
    return zones",python,2,0.84,4
"def create_vpc(cidr_block, vpc_name):
    response = ec2client.create_vpc(CidrBlock=cidr_block, InstanceTenancy='default')
    vpc_id = response['Vpc']['VpcId']
    ec2client.get_waiter('vpc_available').wait(VpcIds=[vpc_id])
    response = ec2client.create_tags(Resources=[vpc_id], Tags=[{'Key': 'Name', 'Value': vpc_name}])
    response = ec2client.modify_vpc_attribute(VpcId=vpc_id, EnableDnsSupport={'Value': True})
    response = ec2client.modify_vpc_attribute(VpcId=vpc_id, EnableDnsHostnames={'Value': True})
    return vpc_id",python,2,0.6,4
"def create_subnets(vpc_name, vpc_id, cidr_block, availability_zones, subnet_prefix_len):
    num_subnets = len(availability_zones)
    subnets = ipaddress.ip_network(cidr_block).subnets(new_prefix=subnet_prefix_len)
    #
    # Public subnets
    #
    public_subnet_ids = []
    az_index = 0
    for subnet in itertools.islice(subnets, num_subnets):
        zone_name = availability_zones[az_index]
        response = ec2client.create_subnet(VpcId=vpc_id, CidrBlock=str(subnet), AvailabilityZone=zone_name)
        subnet_id = response['Subnet']['SubnetId']
        ec2client.get_waiter('subnet_available').wait(SubnetIds=[subnet_id])
        response = ec2client.create_tags(Resources=[subnet_id], Tags=[{'Key': 'Name', 'Value': ""%s-az%s"" % (vpc_name, zone_name[-1:])}])
        public_subnet_ids.append(subnet_id)
        az_index += 1

    #
    # Private subnets
    #
    private_subnet_ids = []
    az_index = 0
    for subnet in itertools.islice(subnets, num_subnets):
        zone_name = availability_zones[az_index]
        response = ec2client.create_subnet(VpcId=vpc_id, CidrBlock=str(subnet), AvailabilityZone=availability_zones[az_index])
        subnet_id = response['Subnet']['SubnetId']
        private_subnet_ids.append(subnet_id)
        ec2client.get_waiter('subnet_available').wait(SubnetIds=[subnet_id])
        response = ec2client.create_tags(Resources=[subnet_id], Tags=[{'Key': 'Name', 'Value': ""%s-az%s-internal"" % (vpc_name, zone_name[-1:])}])
        az_index += 1

    return public_subnet_ids, private_subnet_ids",python,3,0.86,4
"def create_and_deployapplication(application_war, war_version, region, application_name, application_version, eb_region_s3_bucket):
    s3client.upload_file(application_war, eb_region_s3_bucket, war_version, Callback=ProgressPercentage(war_version))
    print(""\nUpload complete."")


    response = ebclient.create_application_version(
        ApplicationName=application_name,
        VersionLabel=application_version,
        Description=application_version,
        SourceBundle={
            'S3Bucket': eb_region_s3_bucket,
            'S3Key': war_version
        },
        AutoCreateApplication=False,
        Process=False
    )

    response = ebclient.update_environment(EnvironmentName=environment_name, ApplicationName=application_name, VersionLabel=application_version)

    url = response['CNAME']
    environment_id = response['EnvironmentId']

    #
    # Open AWS Console to observe Environment progress
    #
    webbrowser.open_new(""https://%s.console.aws.amazon.com/elasticbeanstalk/home?region=%s#/environment/dashboard?applicationName=%s&environmentId=%s"" % (region, region, application_name, environment_id))

    time.sleep(60)
    webbrowser.open_new(""http://%s"" % (url))",python,3,0.63,4
"    def __call__(self, bytes_amount):
        # To simplify we'll assume this is hooked up
        # to a single filename.
        with self._lock:
            self._seen_so_far += bytes_amount
            sys.stdout.write(
                ""\r%s --> %s bytes transferred"" % (
                    self._filename, self._seen_so_far))
            sys.stdout.flush()",python,2,0.59,4
"def dict_factory(cursor, row):
    d = {}
    for idx, col in enumerate(cursor.description):
        d[col[0]] = row[idx]
    return d",python,2,0.69,4
"def read_star():
    db = sqlite3.connect(get_project_settings()['DATABASE_POSITION'])
    db.row_factory = dict_factory
    cursor = db.cursor()
    cursor.execute('select * from pixiv_item where star is not null ORDER BY -star')
    global star_array, unstar
    star_array = cursor.fetchall()",python,3,0.94,4
"def replace(file_path, pattern, subst):
    # Create temp file
    fh, abs_path = mkstemp()
    with open(abs_path, 'w') as new_file:
        with open(file_path) as old_file:
            for line in old_file:
                new_file.write(line.replace(pattern, subst))
    os.close(fh)
    # Remove original file
    os.remove(file_path)
    # Move new file
    move(abs_path, file_path)",python,3,0.94,4
"    def run(self):
        self.announce(""Running pylint for library source files and tests"",
                      level=distutils.log.INFO)
        subprocess.check_call([""pylint"", ""dxlvtapiclient"", ""tests""] + glob.glob(""*.py""))
        self.announce(""Running pylint for samples"", level=distutils.log.INFO)
        subprocess.check_call([""pylint""] + glob.glob(""sample/*.py"") +
                              glob.glob(""sample/**/*.py"") +
                              [""--rcfile"", "".pylintrc.samples""])",python,3,0.66,4
"def clean_dir(src_dir, directory):
    if os.path.exists(directory):
        print(""Cleaning directory: "" + directory + ""\n"")
        for f in os.listdir(directory):
            target_file = os.path.join(directory, f)
            if not os.path.isdir(target_file) and not f.lower().endswith("".py""):
                os.remove(os.path.join(directory, f))
        for f in os.listdir(src_dir):
            src_file = os.path.join(src_dir, f)
            if not os.path.isdir(src_file) and \
                    not(f.lower().endswith("".py"") or f.lower().endswith("".pyc"")):
                copyfile(src_file, os.path.join(directory, f))",python,3,0.95,4
"def Count(Name):
    test = open(Name+'.txt','r').read()
    x = Counter(test.split())
#print(x)

# f = open('s1FreqTest.txt','w')
# f.close()
# with open(""s1FreqTest.txt"") as f:
#     for k,v in  x.most_common():
#         f.write( ""{} {}\n"".format(k,v) )
# f = open('abc','w').close()
# with open(""abc"") as f:
# for k,v in  x.most_common():
#     print( ""{} {}\n"".format(k,v) )


#print(x['i\'ll'])

    #z = input('Name of csv file? ')
    z = Name
    i = 1
    with open(z+'.csv','w') as ts:
        for k, v in x.most_common():
            ts.write(""{0},{1},{2}\n"".format(k, v, i))
            i += 1",python,2,0.6,4
"def Rep(name):
    try:
        with fileinput.FileInput(name+'.txt', inplace=True, backup='.bak') as file:
            for line in file:
                #print(line)
                print(line.replace('[br]', ' '), end='')
                #print(line)
               # print(line.replace('...', ' '), end='')
               ## print(line.replace('..', ' '), end='')
                #print(line.replace('.', ' '), end='')
                #print(line.replace('[', ' '), end='')
               # print(line.replace(']', ' '), end='')


    except FileNotFoundError as e:
        print(""ERROR: "" + str(e))
        pass",python,3,0.99,4
"def index():
    balance = account.check_balance(api)
    msgs = account.messages_left(api)

    return render_template('send.html', balance=str(balance), messages_left=str(msgs))",python,3,0.54,4
"def send_form():
    msg = request.form['message']
    sender = request.form['number']
    sent = sms.send(api, sender, msg)

    return render_template('sent.html', message=msg, send_list=sent)",python,3,0.58,4
"def send(api, from_name, payload, test=True):
    resp_list = []
    print(""Sent from: "" + from_name)
    if test:
        print(""TEST MODE"")
    for contact in contacts:
        contents = contact.split("","")
        name = contents[0]
        number = contents[1]

        msg = clockwork.SMS(
                from_name=from_name,
                to=number,
                message=""Hi, "" + name + "" "" + payload
                )

        if not test:
            rep = api.send(msg)
        else:
            print(msg.to.strip() + "": "" + msg.message)
        resp_list.append(str(msg.to.strip() + "": "" + msg.message))
    return resp_list",python,3,0.88,4
"def main():
    api = clockwork.API(open(""/var/ass/api.key"", 'r').readline())
    parser = argparse.ArgumentParser()
    parser.add_argument(""message"", help=""the message body to be sent via text"")
    parser.add_argument(""sender"", help=""The name or number the message should be sent from"")

    args = parser.parse_args()

    #Check the balance and check how many more messages we can send to all contacts
    balance = account.check_balance(api)
    print(""$"" + balance)
    msgs = account.messages_left(api)
    print(""msgs remaining before top up "" + str(msgs))

    sms.send(api, args.sender, args.message)",python,3,0.61,4
"def messages_left(api):
    balance = api.get_balance()
    cash = float(balance['balance'])

    # How many contacts are on the list
    msg_needed = 0
    for line in open(""../data/contacts.csv"", 'r').readlines():
        msg_needed = msg_needed + 1

    # Balance / .05 gives amount of messages we can send
    capacity = cash/.05

    # Group messages left is capacity/number of contacts
    msg_left = int(capacity/msg_needed)

    return msg_left",python,2,0.8,4
"def add_apt(*paths):
    """"""Add apt PPAs.

    Parameters
    ----------
    *paths : Iterable[str]
        The PPA paths without the prefixing ``ppa:``.
    """"""
    for path in paths:
        sudo('add-apt-repository -ry ppa:%s' % path)
        sudo('add-apt-repository -y ppa:%s' % path)
    sudo('apt update')",python,2,0.8,4
"def apt_install(*packages):
    """"""Install packages with apt.

    Parameters
    ----------
    *packages : Iterable[str]
        The packages to install.
    """"""
    sudo('apt install -y %s' % ' '.join(packages))",python,3,0.72,4
"def restart_nginx():
    with settings(warn_only=True):
        sudo('pkill nginx')

    sudo('nginx -c combine/etc/nginx.conf -p `pwd`')",python,2,0.68,4
"def protected(f):
    @wraps(f)
    def decorated(*args, **kwargs):
        auth = request.authorization
        if auth and auth.username == api_username and auth.password == api_password:
            return f(*args, **kwargs)
        return jsonify({'message' : 'Authentication failed!'}), 403
    return decorated",python,2,0.65,4
"def get_members():
    db = get_db()
    members_cur = db.execute('select id, name, email, level from members')
    members = members_cur.fetchall()

    return_values = []

    for member in members:
        member_dict = {}
        member_dict['id'] = member['id']
        member_dict['name'] = member['name']
        member_dict['email'] = member['email']
        member_dict['level'] = member['level']

        return_values.append(member_dict)

    return jsonify({'members' : return_values})",python,2,0.62,4
"def get_member(member_id):
    db = get_db()
    member_cur = db.execute('select id, name, email, level from members where id = ?', [member_id])
    member = member_cur.fetchone()

    return jsonify({'member' : {'id' : member['id'], 'name' : member['name'], 'email' : member['email'], 'level' : member['level']}})",python,2,0.97,4
"def main():
    """"""Open youtube and start dbus listener.""""""
    global browser

    loop = gobject.MainLoop()

    bus = dbus.SessionBus()
    bus_name = dbus.service.BusName('org.mpris.MediaPlayer2.youtube', bus=bus)

    MediaPlayer2(bus_name, '/org/mpris/MediaPlayer2', loop)

    browser = webdriver.Firefox()
    browser.get('https://youtube.com')

    loop.run()",python,3,0.82,4
"def _find_next_video_url(c):
    """"""Try different ways to determine the url of the next video.""""""
    try:
        next_video_url = sorted(Counter(
            a.get_property('href')
            for a in c.find_elements_by_tag_name('a')
            if a.get_property('href').find('/watch?') >= 0
        ).items(), key=lambda k: k[1], reverse=True)[0][0]
    except Exception:
        pass
    if next_video_url:
        return next_video_url
    next_video_url = browser.find_element_by_class_name('watch-sidebar-body') \
        .find_element_by_tag_name('a').get_property('href')
    if next_video_url:
        return next_video_url",python,3,0.54,4
"    def Previous(self):
        global browser, last_previous
        print('Received previous signal')
        now = datetime.now()
        if now - last_previous < timedelta(seconds=5):
            browser.back()
        else:
            elem = browser.find_element_by_tag_name('video')
            elem.send_keys('0')
        last_previous = now",python,3,0.91,4
"def python_from_dbus(obj):
    """"""dbus object to Python object conversion, simplified version from
    http://www.programcreek.com/python/example/13530/dbus.Boolean
    """"""
    if isinstance(obj, dbus.Boolean):
        python_obj = bool(obj)
    elif isinstance(object, dbus.String):
        python_obj = str(obj)
    elif isinstance(obj, (dbus.Byte,
                          dbus.Int16,
                          dbus.Int32,
                          dbus.Int64,
                          dbus.UInt16,
                          dbus.UInt32,
                          dbus.UInt64)):
        python_obj = int(obj)
    elif isinstance(obj, dbus.Double):
        python_obj = float(obj)
    else:
        raise TypeError(""Unhandled %s"" % obj)
    return python_obj",python,3,0.79,4
"    def __init__(self):
        self._bus = dbus.SystemBus()
        self._proxy = self._bus.get_object('org.freedesktop.timedate1',
                                           '/org/freedesktop/timedate1')
        self._interface = dbus.Interface(self._proxy, 'org.freedesktop.DBus.Properties')
        self.status = self.get_status()",python,3,0.63,4
"    def get_raw_status(self):
        """"""Get the dbus properties of timedate1
        """"""
        try:
            properties = self._interface.GetAll('org.freedesktop.timedate1')
        except dbus.exceptions.DBusException as err:
            raise err
        return properties",python,2,0.67,4
"def make_env():
    env_spec = gym.spec('ppaquette/DoomBasic-v0')
    env_spec.id = 'DoomBasic-v0'
    env = env_spec.make()
    e = wrappers.PreprocessImage(SkipWrapper(4)(ToDiscrete(""minimal"")(env)),
                                 width=80, height=80, grayscale=True)

    return e",python,3,0.71,4
"def copy_model_parameters(sess, estimator1, estimator2):
    e1_params = [t for t in tf.trainable_variables() if t.name.startswith(estimator1.scope)]
    e1_params = sorted(e1_params, key=lambda v: v.name)
    e2_params = [t for t in tf.trainable_variables() if t.name.startswith(estimator2.scope)]
    e2_params = sorted(e2_params, key=lambda v: v.name)

    update_ops = []
    for e1_v, e2_v in zip(e1_params, e2_params):
        op = e2_v.assign(e1_v)
        update_ops.append(op)

    sess.run(update_ops)",python,2,0.63,4
"def make_epsilon_greedy_policy(estimator, nA):
    def policy_fn(sess, observation, epsilon):
        A = np.ones(nA, dtype=float) * epsilon / nA
        q_values = estimator.predict(sess, np.expand_dims(observation, 0))[0]
        best_action = np.argmax(q_values)
        A[best_action] += (1.0 - epsilon)
        return A
    return policy_fn",python,2,0.55,4
"def make_env():
    env_spec = gym.spec('ppaquette/DoomBasic-v0')
    env_spec.id = 'DoomBasic-v0'
    env = env_spec.make()
    e = wrappers.PreprocessImage(SkipWrapper(4)(ToDiscrete(""minimal"")(env)),
                                 width=80, height=80, grayscale=True)

    return e",python,3,0.69,4
"def copy_model_parameters(sess, estimator1, estimator2):
    e1_params = [t for t in tf.trainable_variables() if t.name.startswith(estimator1.scope)]
    e1_params = sorted(e1_params, key=lambda v: v.name)
    e2_params = [t for t in tf.trainable_variables() if t.name.startswith(estimator2.scope)]
    e2_params = sorted(e2_params, key=lambda v: v.name)

    update_ops = []
    for e1_v, e2_v in zip(e1_params, e2_params):
        op = e2_v.assign(e1_v)
        update_ops.append(op)

    sess.run(update_ops)",python,2,0.59,4
"def deep_q_learning(sess,
                    env,
                    q_estimator,
                    target_estimator,
                    state_processor,
                    saver,
                    num_episodes,
                    replay_memory_size=10000,
                    replay_memory_init_size=1000,
                    update_target_estimator_every=500,
                    discount_factor=0.99,
                    batch_size=16):

    Transition = namedtuple(""Transition"", [""state"", ""action"", ""reward"", ""next_state"", ""done""])
    replay_memory = []
    total_t = sess.run(tf.contrib.framework.get_global_step())

    for i_episode in range(num_episodes):

        state = env.reset()
        state = state_processor.process(sess, state)
        state = np.stack([state] * 4, axis=2)
        loss = None
        total_reward = 0
        actions_tracker = [0, 1, 2, 3]
        agent_index = np.random.randint(NUM_HEADS)

        for t in itertools.count():

            if total_t % update_target_estimator_every == 0:
                copy_model_parameters(sess, q_estimator, target_estimator)
                print(""\nCopied model parameters to target network."")
                saver.save(sess, 'docs/dqn-doom-basic', global_step=total_t)

            action = q_estimator.greedy_action(sess, state, agent_index)
            actions_tracker.append(action)
            next_state, reward, done, _ = env.step(VALID_ACTIONS[action])
            next_state = state_processor.process(sess, next_state)
            next_state = np.append(state[:,:,1:], np.expand_dims(next_state, 2), axis=2)

            if len(replay_memory) == replay_memory_size:
                replay_memory.pop(0)

            replay_memory.append(Transition(state, action, reward, next_state, done))   
            total_reward += reward

            if total_t > replay_memory_init_size:
                for agent_train in range(NUM_HEADS):
                    samples = random.sample(replay_memory, batch_size)
                    states_batch, action_batch, reward_batch, next_states_batch, done_batch = map(np.array, zip(*samples))

                    q_values_next = q_estimator.predict(sess, next_states_batch, agent_train)
                    best_actions = np.argmax(q_values_next, axis=1)

                    q_values_next_target = target_estimator.predict(sess, next_states_batch, agent_train)
                    targets_batch = reward_batch + np.invert(done_batch).astype(np.float32) * \
                        discount_factor * q_values_next_target[np.arange(batch_size), best_actions]

                    states_batch = np.array(states_batch)
                    loss = q_estimator.update(sess, states_batch, action_batch, targets_batch, agent_train)

            state = next_state
            total_t += 1

            if done:
                print(""Step {} ({}) @ Episode {}/{}, loss: {}"".format(
                    t, total_t, i_episode + 1, num_episodes, loss), end="", "")
                print('reward %f, steps %d' % (total_reward, t), end="", "")
                counts_action = np.bincount(actions_tracker) - 1
                print('noop %d, shoot %d, right %d, left %d' % \
                    (counts_action[0], counts_action[1], counts_action[2], counts_action[3]))
                break",python,3,0.5,4
"def make_env():
    env_spec = gym.spec('ppaquette/DoomBasic-v0')
    env_spec.id = 'DoomBasic-v0'
    env = env_spec.make()
    e = wrappers.PreprocessImage(SkipWrapper(4)(ToDiscrete(""minimal"")(env)),
                                 width=80, height=80, grayscale=True)

    return e",python,2,0.58,4
"def copy_model_parameters(sess, estimator1, estimator2):
    e1_params = [t for t in tf.trainable_variables() if t.name.startswith(estimator1.scope)]
    e1_params = sorted(e1_params, key=lambda v: v.name)
    e2_params = [t for t in tf.trainable_variables() if t.name.startswith(estimator2.scope)]
    e2_params = sorted(e2_params, key=lambda v: v.name)

    update_ops = []
    for e1_v, e2_v in zip(e1_params, e2_params):
        op = e2_v.assign(e1_v)
        update_ops.append(op)

    sess.run(update_ops)",python,2,0.75,4
"def deep_q_learning(sess,
                    env,
                    q_estimator,
                    target_estimator,
                    state_processor,
                    saver,
                    num_episodes,
                    replay_memory_size=10000,
                    replay_memory_init_size=1000,
                    update_target_estimator_every=500,
                    discount_factor=0.99,
                    batch_size=8):

    Transition = namedtuple(""Transition"", [""state"", ""action"", ""reward"", ""next_state"", ""done""])
    replay_memory = []
    total_t = sess.run(tf.contrib.framework.get_global_step())

    for i_episode in range(num_episodes):

        state = env.reset()
        state = state_processor.process(sess, state)
        state = np.stack([state] * 4, axis=2)
        loss = None
        total_reward = 0
        actions_tracker = [0, 1, 2, 3]
        agent_index = np.random.randint(NUM_HEADS)

        for t in itertools.count():

            if total_t % update_target_estimator_every == 0:
                copy_model_parameters(sess, q_estimator, target_estimator)
                print(""\nCopied model parameters to target network."")
                saver.save(sess, 'docs/dqn-doom-basic', global_step=total_t)

            action = q_estimator.greedy_action(sess, state, agent_index)
            actions_tracker.append(action)
            next_state, reward, done, _ = env.step(VALID_ACTIONS[action])
            next_state = state_processor.process(sess, next_state)
            next_state = np.append(state[:,:,1:], np.expand_dims(next_state, 2), axis=2)

            if len(replay_memory) == replay_memory_size:
                replay_memory.pop(0)

            replay_memory.append(Transition(state, action, reward, next_state, done))   
            total_reward += reward

            if total_t > replay_memory_init_size:
                for agent_train in range(NUM_HEADS):
                    samples = random.sample(replay_memory, batch_size)
                    states_batch, action_batch, reward_batch, next_states_batch, done_batch = map(np.array, zip(*samples))

                    q_values_next = q_estimator.predict(sess, next_states_batch, agent_train)
                    best_actions = np.argmax(q_values_next, axis=1)

                    q_values_next_target = np.zeros((batch_size, len(VALID_ACTIONS)))
                    for agent_ensemble in range(NUM_HEADS):
                        q_values_next_target += target_estimator.predict(sess, next_states_batch, agent_ensemble)
                    q_values_next_target /= NUM_HEADS
                    
                    targets_batch = reward_batch + np.invert(done_batch).astype(np.float32) * \
                        discount_factor * q_values_next_target[np.arange(batch_size), best_actions]

                    states_batch = np.array(states_batch)
                    loss = q_estimator.update(sess, states_batch, action_batch, targets_batch, agent_train)

            state = next_state
            total_t += 1

            if done:
                print(""Step {} ({}) @ Episode {}/{}, loss: {}"".format(
                    t, total_t, i_episode + 1, num_episodes, loss), end="", "")
                print('reward %f, steps %d' % (total_reward, t), end="", "")
                counts_action = np.bincount(actions_tracker) - 1
                print('noop %d, shoot %d, right %d, left %d' % \
                    (counts_action[0], counts_action[1], counts_action[2], counts_action[3]))
                break",python,3,0.67,4
"def plot_cost_to_go_mountain_car(env, estimator, num_tiles=20):
    x = np.linspace(env.observation_space.low[0], env.observation_space.high[0], num=num_tiles)
    y = np.linspace(env.observation_space.low[1], env.observation_space.high[1], num=num_tiles)
    X, Y = np.meshgrid(x, y)
    Z = np.apply_along_axis(lambda _: -np.max(estimator.predict(_)), 2, np.dstack([X, Y]))

    fig = plt.figure(figsize=(10, 5))
    ax = fig.add_subplot(111, projection='3d')
    surf = ax.plot_surface(X, Y, Z, rstride=1, cstride=1,
                           cmap=matplotlib.cm.coolwarm, vmin=-1.0, vmax=1.0)
    ax.set_xlabel('Position')
    ax.set_ylabel('Velocity')
    ax.set_zlabel('Value')
    ax.set_title(""Mountain \""Cost To Go\"" Function"")
    fig.colorbar(surf)
    plt.show()",python,3,0.84,4
"def plot_value_function(V, title=""Value Function""):
    """"""
    Plots the value function as a surface plot.
    """"""
    min_x = min(k[0] for k in V.keys())
    max_x = max(k[0] for k in V.keys())
    min_y = min(k[1] for k in V.keys())
    max_y = max(k[1] for k in V.keys())

    x_range = np.arange(min_x, max_x + 1)
    y_range = np.arange(min_y, max_y + 1)
    X, Y = np.meshgrid(x_range, y_range)

    # Find value for all (x, y) coordinates
    Z_noace = np.apply_along_axis(lambda _: V[(_[0], _[1], False)], 2, np.dstack([X, Y]))
    Z_ace = np.apply_along_axis(lambda _: V[(_[0], _[1], True)], 2, np.dstack([X, Y]))

    def plot_surface(X, Y, Z, title):
        fig = plt.figure(figsize=(20, 10))
        ax = fig.add_subplot(111, projection='3d')
        surf = ax.plot_surface(X, Y, Z, rstride=1, cstride=1,
                               cmap=matplotlib.cm.coolwarm, vmin=-1.0, vmax=1.0)
        ax.set_xlabel('Player Sum')
        ax.set_ylabel('Dealer Showing')
        ax.set_zlabel('Value')
        ax.set_title(title)
        ax.view_init(ax.elev, -120)
        fig.colorbar(surf)
        plt.show()

    plot_surface(X, Y, Z_noace, ""{} (No Usable Ace)"".format(title))
    plot_surface(X, Y, Z_ace, ""{} (Usable Ace)"".format(title))",python,2,0.99,4
"def plot_episode_stats(stats, smoothing_window=10, noshow=False):
    # Plot the episode length over time
    fig1 = plt.figure(figsize=(10,5))
    plt.plot(stats.episode_lengths)
    plt.xlabel(""Episode"")
    plt.ylabel(""Episode Length"")
    plt.title(""Episode Length over Time"")
    if noshow:
        plt.close(fig1)
    else:
        plt.show(fig1)

    # Plot the episode reward over time
    fig2 = plt.figure(figsize=(10,5))
    rewards_smoothed = pd.Series(stats.episode_rewards).rolling(smoothing_window, min_periods=smoothing_window).mean()
    plt.plot(rewards_smoothed)
    plt.xlabel(""Episode"")
    plt.ylabel(""Episode Reward (Smoothed)"")
    plt.title(""Episode Reward over Time (Smoothed over window size {})"".format(smoothing_window))
    if noshow:
        plt.close(fig2)
    else:
        plt.show(fig2)

    # Plot time steps and episode number
    fig3 = plt.figure(figsize=(10,5))
    plt.plot(np.cumsum(stats.episode_lengths), np.arange(len(stats.episode_lengths)))
    plt.xlabel(""Time Steps"")
    plt.ylabel(""Episode"")
    plt.title(""Episode per time step"")
    if noshow:
        plt.close(fig3)
    else:
        plt.show(fig3)

    return fig1, fig2, fig3",python,2,0.8,4
"def set_config(HOST,slot,pon,onu,httpport):
	if httpport == """":
		httpport = HTTPDEFAULT
	print ('===========================================')
	print (' Configurando a ONU com os parametros: ')
	print('OLT = '+HOST)
	print('OLT SLOT = '+slot)
	print(""PONTA PON = ""+pon)
	print('ONU ID = '+onu)
	print('PORTA HTTP = '+httpport)

	child = pexpect.spawn ('telnet '+HOST) #option needs to be a list
	#child.timeout = 150
	#child.logfile = sys.stdout #display progress on screen
	time.sleep(2)

	child.expect ('Login:')
	child.sendline (USER)

	child.expect('Password:')
	child.sendline (PASSWORD)
	time.sleep(1)

	child.sendline ('enable')
	time.sleep(1)

	child.expect('Password:')
	time.sleep(1)
	child.sendline (ENPASSWORD)

	time.sleep(1)
	child.expect('Admin# ')
	time.sleep(1)
	child.sendline ('cd gponon \r')
	time.sleep(1)
	child.expect('gpononu# ')
	time.sleep(1)
	child.sendline ('set onu_local_manage_config slot '+slot+' link '+pon+' onu '+onu+' config_enable_switch enable console_switch enable telnet_switch enable web_switch enable web_port '+httpport+' web_ani_switch enable tel_ani_switch enable \r')
	time.sleep(1)
	child.expect('gpononu# ')
	time.sleep(1)
	child.sendline ('cd .. \r')
	time.sleep(1)
	child.expect('Admin# ')
	time.sleep(1)
	child.sendline ('exit \r')
	time.sleep(1)
	child.expect('>')
	child.sendline ('exit \r')
	print ('-------------------------------------------')
	print ('Configuracao da ONU finalizada com sucesso..')
	return 0",python,2,0.96,4
"def menu():
	print ('-------------------------------------------')
	print (' Fiberhome - Habilitar gerencia web na ONU ')
	print ('-------------------------------------------')
	HOST = raw_input(""IP da olt: "") 
	slot = raw_input(""Numero do slot da placa PON: "") 
	pon = raw_input(""Numero da porta PON: "") 
	onu = raw_input(""ID da ONU: "") 
	httpport = raw_input('Porta http (padrao porta '+HTTPDEFAULT+'): ')
	set_config(HOST,slot,pon,onu,httpport)
	return 0",python,2,0.6,4
"def new_method(model_name):
    def decorator(func):
        @functools.wraps(func)
        def wrapper(*args, **kwargs):
            model_name = func
            return model_name(*args, **kwargs)
        return wrapper
    return decorator",python,3,0.9,4
"def validate(validation, data):
    #get all the keys from data that are to be validated
    _keys = list(data.keys() & validation.keys())

    for key in _keys:
        #get the val
        _val = data[key]
        
        if validation[key].get('not_null', None) and _val is None:
            return False, 'Value for key %r cannot be Null/None' %(key)

        if isinstance(_val, int):
            if validation[key].get('max_val', None) and _val >= validation[key]['max_val']:
                return False, 'Integer value for %r cannot be greater than  %s' % (key, validation[key]['max_val'])
            
            if validation[key].get('min_val', None) and _val <= validation[key]['min_val']:
                return False, 'Integer value for %r cannot be less than %s' %(key, validation[key]['min_val'])
    
        if validation[key].get('max_len', None) and not len(str(_val)) <= validation[key]['max_len']:
            return False, 'Value for key %r cannot have length more than %s' % (key, validation[key]['max_len'])
        
        if validation[key].get('min_len', None) and not len(str(_val)) >= validation[key]['min_len']:
            return False, 'Value for key %r cannot have length less than %s' % (key, validation[key]['min_len'])
        
        
    
    return True, None",python,3,0.62,4
"    def decorator(func):
        @functools.wraps(func)
        def wrapper(*args, **kwargs):
            model_name = func
            return model_name(*args, **kwargs)
        return wrapper",python,2,0.65,4
"def record_created_envelop(data):
    return jsonify({
        'status' : 'OK',
        'code' : 200,
        'message' : 'Resource Successfully created.',
        'data' : data
    })",python,3,0.81,4
"def json_records_envelop(data):
    return jsonify({
        'status' : 'OK',
        'code' : 200,
        'data' : data,
        'message' : 'Success'
    })",python,3,0.7,4
"def fatal_error_envelop():
    return jsonify({
        'status' : 'OK',
        'code' : 404,
        'message' : 'Unknown Error'
    })",python,3,0.63,4
"
    public static void main(String[] args) {
        System.out.println(""Este programa devuelve el mayor número contenido en un array."");
        Scanner s = new Scanner(System.in);
        //Crea un array
        int [] array;
        //Referencia el array creado a lo que devuelve la función leer
        array = leer(s);
        System.out.println(""El mayor número del array es: "" + devuelveMayor(array));


    }",java,2,0.89,4
"
    private static int[] leer(Scanner s){
        int[] array = new int[MAX];
        for(int x = 0; x < array.length; x++){
            System.out.print(""Por favor, introduce el "" + (x + 1) + ""º valor del array: "");
            array[x] = s.nextInt();
        }
        return array;
    }",java,2,0.77,4
"
    public static int devuelveMayor(int[] a){
        Arrays.sort(a);
        return a[MAX-1];
    }",java,3,0.74,4
"
    public static void main(String[] args) {
        System.out.println(""Este programa determina cuántas palabras de un texto son anagramas de la primer palabra introducida."");
        Scanner s = new Scanner(System.in);
        System.out.println(""Por favor, introduzca un texto: "");
        String primerPalabra = s.next();
        String palabra = """";
        int contador = 0;
        do {
            palabra = s.next();
            if (buscaAnagrama(primerPalabra, palabra)) {
                contador++;
            }
        } while (!palabra.equals(""FIN""));
        System.out.println(""En este texto existen "" + contador + "" palabras que son anagramas de la primer palabra."");
    }",java,3,0.61,4
"
    private static boolean buscaAnagrama(String palabra, String cadena) {
        boolean esAnagrama = false;
        int contiene = 0;
        if(palabra.length()==cadena.length()) {
            for(int x = 0; x < cadena.length(); x++){
                String letra = """" + palabra.charAt(x);
                if(cadena.contains(letra)){
                    contiene++;
                }
            }
        }
        if(contiene==palabra.length()) {
            esAnagrama = true;
        }
        return esAnagrama;
    }",java,3,0.98,4
"
    public static void main(String[] args) {
        System.out.println(""Este programa muestra los números que son familia en un intervalo indicado."");
        Scanner s = new Scanner(System.in);
        System.out.print(""Por favor, introduzca un número: "");
        int n = s.nextInt();
        System.out.print(""Por favor, introduzca otro número: "");
        int m = s.nextInt();
        while(m<=n){
            System.out.println(""El segundo número debe ser mayor al primero."");
            System.out.print(""Por favor, vuelva a introducir otro número: "");
            m = s.nextInt();
        }
        buscaFamilia(n,m);
    }",java,2,0.67,4
"
    private static boolean sonFamilia(int a, int b){
        int suma = 0;
        boolean sonFamilia = false;
        //Verifica cuál es la suma de los divisores
        for(int x = 1; x < a; x++){
            if((a%x)==0){
                suma = suma + x;
            }
        }
        //Si la suma es igual al otro número verifica la suma de los divisores del otro número
        if(suma==b){
            suma = 0;
            for(int x = 1; x < b; x++){
                if((b%x)==0){
                    suma = suma + x;
                }
            }
            //Si la suma de los divisores de B es igual a A devuelve verdadero
            if(suma==a){
                sonFamilia = true;
            }
        }
        return sonFamilia;
    }",java,3,0.76,4
" divisores
        for(int x = 1; x < a; x++){
            if((a%x)==0){
                suma = suma + x;
            }
        }",java,3,0.72,4
"
    public static void main(String[] args) {
        System.out.println(""Este programa opera con conjuntos de caracteres."");
        Scanner s = new Scanner(System.in);
        String operacion = """";
        System.out.print(""Por favor introduzca el tipo de operación que desea (* - + &): "");
        operacion = s.nextLine();
        while(!operacion.equals(""&"")) {
            System.out.print(""Por favor, introduzca el primer conjunto: "");
            String primerOperando = s.nextLine();
            System.out.print(""Por favor, introduzca el segundo operando: "");
            String segundoOperando = s.nextLine();
            System.out.print(""Resultado: "");
            if(operacion.equals(""*"")){
                System.out.println(uneConjuntos(primerOperando, segundoOperando));
            }
            if(operacion.equals(""-"")){
                System.out.println(diferenciaConjuntos(primerOperando, segundoOperando));
            }
            if(operacion.equals(""+"")){
                System.out.println(concatenaConjuntos(primerOperando, segundoOperando));
            }
            System.out.print(""Por favor introduzca el tipo de operación que desea (* - + &): "");
            operacion = s.nextLine();
        }
    }",java,3,0.89,4
"
    private static String uneConjuntos(String uno, String dos){
        String resultado = """";
        if(uno.length()>=dos.length()){
            for(int x = 0; x < uno.length(); x++) {
                String letra = """" + uno.charAt(x);
                if (dos.contains(letra)) {
                    resultado = resultado + letra;
                }
            }
        } else {
            for(int x = 0; x < dos.length(); x++) {
                String letra = """" + dos.charAt(x);
                if (uno.contains(letra)) {
                    resultado = resultado + letra;
                }
            }
        }
        return resultado;
    }",java,2,0.86,4
"
    private static String diferenciaConjuntos(String uno, String dos){
        String resultado = """";
        for(int x = 0; x < uno.length(); x++) {
            String letra = """" + uno.charAt(x);
            if(!dos.contains(letra)){
                resultado = resultado + letra;
            }
        }
        return resultado;
    }",java,3,0.78,4
"
    public static void main(String[] args) {
        System.out.println(""Este programa dice si un número está contenido en un array."");
        Scanner s = new Scanner(System.in);
        int[] array;
        array = leer(s);
        System.out.print(""Por favor, introduzca el número que quiere buscar: "");
        int num = s.nextInt();
        if(estaEnArray(array, num)){
            System.out.println(""El número "" + num + "" está contenido en el array."");
        } else {
            System.out.println(""El número "" + num + "" no está contenido en el array."");
        }
    }",java,2,0.73,4
"
    private static int[] leer(Scanner s){
        System.out.print(""¿Cuántos números desea introducir?: "");
        int longitud = s.nextInt();
        int[] array = new int[longitud];
        for(int x = 0; x < array.length; x++){
            System.out.print(""Por favor, introduce el "" + (x + 1) + ""º valor del array: "");
            array[x] = s.nextInt();
        }
        return array;
    }",java,3,0.84,4
"
    private static boolean estaEnArray(int[] array, int num){
        boolean existe = false;
        for(int n : array){
            if(n==num){
                existe = true;
            }
        }
        return existe;
    }",java,2,0.87,4
"function change(decimal) {
  if (decimal === Infinity) {
    return 'New file';
  }
  if (decimal === -1) {
    return 'Deleted';
  }
  if (decimal < 0.0001) {
    return '=';
  }
  return percentFormatter.format(decimal);
}",javascript,1,0.19,247209
"function row(result, baseSha, headSha) {
  const diffViewUrl = `https://react-builds.vercel.app/commits/${headSha}/files/${result.path}?compare=${baseSha}`;
  const rowArr = [
    `| [${result.path}](${diffViewUrl})`,
    `**${change(result.change)}**`,
    `${kbs(result.baseSize)}`,
    `${kbs(result.headSize)}`,
    `${change(result.changeGzip)}`,
    `${kbs(result.baseSizeGzip)}`,
    `${kbs(result.headSizeGzip)}`,
  ];
  return rowArr.join(' | ');
}",javascript,1,0.12,247209
"function createConfig() {
  const jestDefaultConfig = await createJestDefaultConfig()
  /** @type {import('jest').Config} */
  const customConfig = {
    ...jestDefaultConfig,
    displayName: 'Turbopack',
    setupFiles: [
      ...(jestDefaultConfig.setupFiles ?? []),
      '<rootDir>/jest-setup-files.turbopack.js',
    ],
  }

  return customConfig
}",javascript,0,0.17,141750
"function retryKVOperation(operation, operationName, maxRetries = 3) {
  let lastError
  let retries = maxRetries

  while (retries > 0) {
    try {
      return await operation()
    } catch (err) {
      lastError = err
      retries--
      if (retries > 0) {
        const delay = (maxRetries - retries + 1) * 5 // 5s, 10s, 15s backoff
        console.log(
          `KV ${operationName} failed, retrying in ${delay}s. Error:`,
          err.message
        )
        await new Promise((resolve) => setTimeout(resolve, delay * 1000))
      }
    }
  }

  throw new Error(
    `Failed to ${operationName} after ${maxRetries} retries: ${lastError?.message}`
  )
}",javascript,1,0.03,141750
"function getHeadSha() {
  if (process.env.GITHUB_EVENT_PATH) {
    try {
      const event = JSON.parse(
        fs.readFileSync(process.env.GITHUB_EVENT_PATH, 'utf8')
      )
      const headSha = event.pull_request?.head?.sha
      if (headSha) {
        return headSha
      }
    } catch (err) {
      console.log('Failed to read the head SHA from the event payload', err)
    }
  }
  return process.env.GITHUB_SHA ?? null
}",javascript,0,0.01,141750
"function maybeLogSummary() {
  if (process.env.CI && errorsPerTests.size > 0) {
    const sha = getHeadSha()
    const [owner, repo] = (process.env.GITHUB_REPOSITORY ?? '').split('/')

    const suites = [...errorsPerTests.keys()].sort().map((test) => {
      const { output, failedCases } = errorsPerTests.get(test)
      return {
        testPath: test,
        mode: process.env.NEXT_TEST_MODE,
        isTurbopack: !!process.env.IS_TURBOPACK_TEST,
        isRspack: !!process.env.NEXT_RSPACK,
        isExperimental: process.env.__NEXT_CACHE_COMPONENTS === 'true',
        isPPR: process.env.__NEXT_EXPERIMENTAL_PPR === 'true',
        failedCases,
        resultMessage: ['```', output.replace(ANSI_RE, ''), '```'].join('\n'),
      }
    })

    let summary = buildTestReport({
      owner,
      repo,
      sha,
      suites,
    })

    if (Buffer.byteLength(summary, 'utf8') > MAX_SUMMARY_BYTES) {
      const truncated = Buffer.from(summary, 'utf8')
        .subarray(
          0,
          MAX_SUMMARY_BYTES - Buffer.byteLength(SUMMARY_TRUNCATION_NOTICE)
        )
        .toString('utf8')
        // A multi-byte character cut at the boundary decodes to U+FFFD.
        .replace(/�$/, '')
      summary = truncated + SUMMARY_TRUNCATION_NOTICE
    }

    await core.summary.addRaw(summary).write()
  }
}",javascript,1,0.01,141750
"function pack() {
  fs.mkdirSync(TARBALL_DIR, { recursive: true })
  const out = execFileSync(
    'pnpm',
    ['pack', '--pack-destination', TARBALL_DIR],
    { cwd: path.join(ROOT, 'packages/next'), encoding: 'utf8' }
  )
  const produced = out.trim().split('\n').pop()
  const src = path.isAbsolute(produced)
    ? produced
    : path.join(TARBALL_DIR, produced)
  fs.renameSync(src, TARBALL)
}",javascript,1,0.03,141750
"function writeExperiments(evalName) {
  fs.rmSync(EXPERIMENTS_DIR, { recursive: true, force: true })
  fs.mkdirSync(EXPERIMENTS_DIR, { recursive: true })

  const evalsField = evalName ? `\n  evals: '${evalName}',` : ''
  for (const v of VARIANTS) {
    const body = `import type { ExperimentConfig } from '@vercel/agent-eval'
${v.imports}

const config: ExperimentConfig = {
  // Via the Vercel AI Gateway, so the OIDC token from \`vc env pull\` is the only
  // credential needed (it auths the sandbox, the codegen model, and the judge).
  agent: 'vercel-ai-gateway/claude-code',
  model: 'claude-opus-4-8',${evalsField}
  // Cheap fixed grader for the agentic judge clauses in EVAL.ts files — every
  // run is graded by the same model regardless of the model under test.
  judge: { model: 'claude-haiku-4-5' },
  scripts: ['build'],
  runs: 1,
  earlyExit: true,
  timeout: 720,
  sandbox: 'auto',
  setup: async (sandbox) => {
    ${v.setup}
  },
}

export default config
`
    fs.writeFileSync(path.join(EXPERIMENTS_DIR, `${v.suffix}.ts`), body)
  }
}",javascript,0,0.04,141750
"function listEvals() {
  return fs
    .readdirSync(FIXTURES_DIR, { withFileTypes: true })
    .filter((d) => d.isDirectory())
    .map((d) => d.name)
}",javascript,1,0.13,141750
"function writeHeapSnapshot(filename, options) {
  if (filename !== undefined) {
    filename = getValidatedPath(filename);
  }
  const optionArray = getHeapSnapshotOptions(options);
  return triggerHeapSnapshot(filename, optionArray);
}",javascript,1,0.21,118912
"function getHeapSnapshot(options) {
  const optionArray = getHeapSnapshotOptions(options);
  const handle = createHeapSnapshotStream(optionArray);
  assert(handle);
  return new HeapSnapshotStream(handle);
}",javascript,1,0.28,118912
"function startCpuProfile(options) {
  const {
    samplingIntervalMicros,
    maxSamples,
  } = normalizeCpuProfileOptions(options);
  const id = _startCpuProfile(samplingIntervalMicros, maxSamples);
  return new SyncCPUProfileHandle(id);
}",javascript,1,0.11,118912
"function fork(modulePath, args = [], options) {
  modulePath = getValidatedPath(modulePath, 'modulePath');

  // Get options and args arguments.
  let execArgv;

  if (args == null) {
    args = [];
  } else if (typeof args === 'object' && !ArrayIsArray(args)) {
    options = args;
    args = [];
  } else {
    validateArray(args, 'args');
  }

  if (options != null) {
    validateObject(options, 'options');
  }
  options = { __proto__: null, ...options, shell: false };
  options.execPath ||= process.execPath;
  validateArgumentNullCheck(options.execPath, 'options.execPath');

  // Prepare arguments for fork:
  execArgv = options.execArgv || process.execArgv;
  validateArgumentsNullCheck(execArgv, 'options.execArgv');

  if (execArgv === process.execArgv && process._eval != null) {
    const index = ArrayPrototypeLastIndexOf(execArgv, process._eval);
    if (index > 0) {
      // Remove the -e switch to avoid fork bombing ourselves.
      execArgv = ArrayPrototypeSlice(execArgv);
      ArrayPrototypeSplice(execArgv, index - 1, 2);
    }
  }

  args = [...execArgv, modulePath, ...args];

  if (typeof options.stdio === 'string') {
    options.stdio = stdioStringToArray(options.stdio, 'ipc');
  } else if (!ArrayIsArray(options.stdio)) {
    // Use a separate fd=3 for the IPC channel. Inherit stdin, stdout,
    // and stderr from the parent if silent isn't set.
    options.stdio = stdioStringToArray(
      options.silent ? 'pipe' : 'inherit',
      'ipc');
  } else if (!ArrayPrototypeIncludes(options.stdio, 'ipc')) {
    throw new ERR_CHILD_PROCESS_IPC_REQUIRED('options.stdio');
  }

  return spawn(options.execPath, args, options);
}",javascript,1,0.23,118912
"function _forkChild(fd, serializationMode) {
  // set process.send()
  const p = new Pipe(PipeConstants.IPC);
  p.open(fd);
  p.unref();
  const control = setupChannel(process, p, serializationMode);
  process.on('newListener', function onNewListener(name) {
    if (name === 'message' || name === 'disconnect') control.refCounted();
  });
  process.on('removeListener', function onRemoveListener(name) {
    if (name === 'message' || name === 'disconnect') control.unrefCounted();
  });
}",javascript,0,0.19,118912
"function normalizeExecArgs(command, options, callback) {
  validateString(command, 'command');
  validateArgumentNullCheck(command, 'command');

  if (typeof options === 'function') {
    callback = options;
    options = undefined;
  }

  // Make a shallow copy so we don't clobber the user's options object.
  options = { __proto__: null, ...options };
  options.shell = typeof options.shell === 'string' ? options.shell : true;

  return {
    file: command,
    options: options,
    callback: callback,
  };
}",javascript,1,0.12,118912
"function inspectorOpen(port, host, wait) {
  if (isEnabled()) {
    throw new ERR_INSPECTOR_ALREADY_ACTIVATED();
  }
  // inspectorOpen() currently does not typecheck its arguments and adding
  // such checks would be a potentially breaking change. However, the native
  // open() function requires the port to fit into a 16-bit unsigned integer,
  // causing an integer overflow otherwise, so we at least need to prevent that.
  if (isUint32(port)) {
    validateInt32(port, 'port', 0, 65535);
  }
  if (host && !isLoopback(host)) {
    process.emitWarning(
      'Binding the inspector to a public IP with an open port is insecure, ' +
        'as it allows external hosts to connect to the inspector ' +
        'and perform a remote code execution attack. ' +
        'Documentation can be found at ' +
      'https://nodejs.org/api/cli.html#--inspecthostport',
      'SecurityWarning',
    );
  }

  open(port, host);
  if (wait)
    waitForDebugger();

  return { __proto__: null, [SymbolDispose]() { _debugEnd(); } };
}",javascript,0,0.15,118912
"function broadcastToFrontend(eventName, params = kEmptyObject) {
  validateString(eventName, 'eventName');
  validateObject(params, 'params');
  emitProtocolEvent(eventName, params);
}",javascript,1,0.27,118912
"function createPool() {
  poolSize = Buffer.poolSize;
  allocBuffer = createUnsafeAlignedBuffer(poolSize, kPoolAlignment);
  allocPool = allocBuffer.buffer;
  poolBase = TypedArrayPrototypeGetByteOffset(allocBuffer);
  markAsUntransferable(allocPool);
  poolOffset = 0;
}",javascript,0,0.19,118912
"function alignPool() {
  // Ensure aligned slices
  if (poolOffset & 0x7) {
    poolOffset |= 0x7;
    poolOffset++;
  }
}",javascript,0,0.2,118912
"function showFlaggedDeprecation() {
  if (bufferWarningAlreadyEmitted ||
      ++nodeModulesCheckCounter > 10000 ||
      (!require('internal/options').getOptionValue('--pending-deprecation') &&
       isInsideNodeModules(3))) {
    // We don't emit a warning, because we either:
    // - Already did so, or
    // - Already checked too many times whether a call is coming
    //   from node_modules and want to stop slowing down things, or
    // - We aren't running with `--pending-deprecation` enabled,
    //   and the code is inside `node_modules`.
    // - If the topmost non-internal frame is not inside `node_modules`.
    return;
  }

  process.emitWarning(bufferWarning, 'DeprecationWarning', 'DEP0005');
  bufferWarningAlreadyEmitted = true;
}",javascript,0,0.25,118912
"function isBuffer(val) {
  return (
    val !== null &&
    !isUndefined(val) &&
    val.constructor !== null &&
    !isUndefined(val.constructor) &&
    isFunction(val.constructor.isBuffer) &&
    val.constructor.isBuffer(val)
  );
}",javascript,0,0.13,109231
"function isArrayBufferView(val) {
  let result;
  if (typeof ArrayBuffer !== 'undefined' && ArrayBuffer.isView) {
    result = ArrayBuffer.isView(val);
  } else {
    result = val && val.buffer && isArrayBuffer(val.buffer);
  }
  return result;
}",javascript,0,0.24,109231
"function getGlobal() {
  if (typeof globalThis !== 'undefined') return globalThis;
  if (typeof self !== 'undefined') return self;
  if (typeof window !== 'undefined') return window;
  if (typeof global !== 'undefined') return global;
  return {};
}",javascript,0,0.19,109231
"function createInstance(defaultConfig) {
  const context = new Axios(defaultConfig);
  const instance = bind(Axios.prototype.request, context);

  // Copy axios.prototype to instance
  utils.extend(instance, Axios.prototype, context, { allOwnKeys: true });

  // Copy context to instance
  utils.extend(instance, context, null, { allOwnKeys: true });

  // Factory for creating new instances
  instance.create = function create(instanceConfig) {
    return createInstance(mergeConfig(defaultConfig, instanceConfig));
  };

  return instance;
}",javascript,1,0.01,109231
"function generateConfig(name) {
  var compress = name.indexOf('min') > -1;
  var config = {
    entry: './index.js',
    output: {
      path: __dirname + '/dist/',
      filename: name + '.js',
      sourceMapFilename: name + '.map',
      library: 'axios',
      libraryTarget: 'umd',
      globalObject: 'this',
    },
    node: false,
    devtool: 'source-map',
    mode: compress ? 'production' : 'development',
  };
  return config;
}",javascript,1,0.06,109231
"function getContributors(user, repo, maxCount = 1) {
  const contributors = (
    await axios.get(
      `https://api.github.com/repos/${encodeURIComponent(user)}/${encodeURIComponent(repo)}/contributors`,
      { params: { per_page: maxCount } }
    )
  ).data;

  return Promise.all(
    contributors.map(async (contributor) => {
      return {
        ...contributor,
        ...(
          await axios.get(`https://api.github.com/users/${encodeURIComponent(contributor.login)}`)
        ).data,
      };
    })
  );
}",javascript,0,0.3,109231
"function currentLocale() {
    for (const locale of [localStorage.locale, navigator.language, ...navigator.languages]) {
        // localstorage might not have a value or there might not be a language in `navigator.language`
        if (!locale) {
            continue;
        }
        if (locale in messages) {
            return locale;
        }
        // If the locale is a 2-letter code, we can try to find a regional variant
        // e.g. ""fr"" may not be in the messages, but ""fr-FR"" is
        if (locale.length === 2) {
            const regionalLocale = `${locale}-${locale.toUpperCase()}`;
            if (regionalLocale in messages) {
                return regionalLocale;
            }
        } else {
            // Some locales are further specified such as ""en-US"".
            // If we only have a generic locale for this, we can use it too
            const genericLocale = locale.slice(0, 2);
            if (genericLocale in messages) {
                return genericLocale;
            }
        }
    }
    return ""en"";
}",javascript,1,0.24,90129
"function header(name) {
  if (!name) {
    throw new TypeError('name argument is required to req.get');
  }

  if (typeof name !== 'string') {
    throw new TypeError('name must be a string to req.get');
  }

  var lc = name.toLowerCase();

  switch (lc) {
    case 'referer':
    case 'referrer':
      return this.headers.referrer
        || this.headers.referer;
    default:
      return this.headers[lc];
  }
}",javascript,1,0.27,69353
"function range(size, options) {
  var range = this.get('Range');
  if (!range) return;
  return parseRange(size, range, options);
}",javascript,1,0.27,69353
"function query(){
  var queryparse = this.app.get('query parser fn');

  if (!queryparse) {
    // parsing is disabled
    return Object.create(null);
  }

  var querystring = parse(this).query;

  return queryparse(querystring);
}",javascript,1,0.23,69353
"function init() {
  var router = null;

  this.cache = Object.create(null);
  this.engines = Object.create(null);
  this.settings = Object.create(null);

  this.defaultConfiguration();

  // Setup getting to lazily add base router
  Object.defineProperty(this, 'router', {
    configurable: true,
    enumerable: true,
    get: function getrouter() {
      if (router === null) {
        router = new Router({
          caseSensitive: this.enabled('case sensitive routing'),
          strict: this.enabled('strict routing')
        });
      }

      return router;
    }
  });
}",javascript,1,0.25,69353
"function getrouter() {
      if (router === null) {
        router = new Router({
          caseSensitive: this.enabled('case sensitive routing'),
          strict: this.enabled('strict routing')
        });
      }

      return router;
    }",javascript,1,0.08,69353
"function defaultConfiguration() {
  var env = process.env.NODE_ENV || 'development';

  // default settings
  this.enable('x-powered-by');
  this.set('etag', 'weak');
  this.set('env', env);
  this.set('query parser', 'simple')
  this.set('subdomain offset', 2);
  this.set('trust proxy', false);

  // trust proxy inherit back-compat
  Object.defineProperty(this.settings, trustProxyDefaultSymbol, {
    configurable: true,
    value: true
  });

  debug('booting in %s mode', env);

  this.on('mount', function onmount(parent) {
    // inherit trust proxy
    if (this.settings[trustProxyDefaultSymbol] === true
      && typeof parent.settings['trust proxy fn'] === 'function') {
      delete this.settings['trust proxy'];
      delete this.settings['trust proxy fn'];
    }

    // inherit protos
    Object.setPrototypeOf(this.request, parent.request)
    Object.setPrototypeOf(this.response, parent.response)
    Object.setPrototypeOf(this.engines, parent.engines)
    Object.setPrototypeOf(this.settings, parent.settings)
  });

  // setup locals
  this.locals = Object.create(null);

  // top-most app is mounted at /
  this.mountpath = '/';

  // default locals
  this.locals.settings = this.settings;

  // default configuration
  this.set('view', View);
  this.set('views', resolve('views'));
  this.set('jsonp callback name', 'callback');

  if (env === 'production') {
    this.enable('view cache');
  }
}",javascript,1,0.2,69353
"function View(name, options) {
  var opts = options || {};

  this.defaultEngine = opts.defaultEngine;
  this.ext = extname(name);
  this.name = name;
  this.root = opts.root;

  if (!this.ext && !this.defaultEngine) {
    throw new Error('No default engine was specified and no extension was provided.');
  }

  var fileName = name;

  if (!this.ext) {
    // get extension from default engine name
    this.ext = this.defaultEngine[0] !== '.'
      ? '.' + this.defaultEngine
      : this.defaultEngine;

    fileName += this.ext;
  }

  if (!opts.engines[this.ext]) {
    // load engine
    var mod = this.ext.slice(1)
    debug('require ""%s""', mod)

    // default engine export
    var fn = require(mod).__express

    if (typeof fn !== 'function') {
      throw new Error('Module ""' + mod + '"" does not provide a view engine.')
    }

    opts.engines[this.ext] = fn
  }

  // store loaded engine
  this.engine = opts.engines[this.ext];

  // lookup path
  this.path = this.lookup(fileName);
}",javascript,1,0.05,69353
"function lookup(name) {
  var path;
  var roots = [].concat(this.root);

  debug('lookup ""%s""', name);

  for (var i = 0; i < roots.length && !path; i++) {
    var root = roots[i];

    // resolve the path
    var loc = resolve(root, name);
    var dir = dirname(loc);
    var file = basename(loc);

    // resolve the file
    path = this.resolve(dir, file);
  }

  return path;
}",javascript,0,0.1,69353
"function render(options, callback) {
  var sync = true;

  debug('render ""%s""', this.path);

  // render, normalizing sync callbacks
  this.engine(this.path, options, function onRender() {
    if (!sync) {
      return callback.apply(this, arguments);
    }

    // copy arguments
    var args = new Array(arguments.length);
    var cntx = this;

    for (var i = 0; i < arguments.length; i++) {
      args[i] = arguments[i];
    }

    // force callback to be async
    return process.nextTick(function renderTick() {
      return callback.apply(cntx, args);
    });
  });

  sync = false;
}",javascript,1,0.26,69353
"function createApplication() {
  var app = function(req, res, next) {
    app.handle(req, res, next);
  };

  mixin(app, EventEmitter.prototype, false);
  mixin(app, proto, false);

  // expose the prototype that will get set on requests
  app.request = Object.create(req, {
    app: { configurable: true, enumerable: true, writable: true, value: app }
  })

  // expose the prototype that will get set on responses
  app.response = Object.create(res, {
    app: { configurable: true, enumerable: true, writable: true, value: app }
  })

  app.init();
  return app;
}",javascript,0,0.29,69353
"function acceptParams (str) {
  var length = str.length;
  var colonIndex = str.indexOf(';');
  var index = colonIndex === -1 ? length : colonIndex;
  var ret = { value: str.slice(0, index).trim(), quality: 1, params: {} };

  while (index < length) {
    var splitIndex = str.indexOf('=', index);
    if (splitIndex === -1) break;

    var colonIndex = str.indexOf(';', index);
    var endIndex = colonIndex === -1 ? length : colonIndex;

    if (splitIndex > endIndex) {
      index = str.lastIndexOf(';', splitIndex - 1) + 1;
      continue;
    }

    var key = str.slice(index, splitIndex).trim();
    var value = str.slice(splitIndex + 1, endIndex).trim();

    if (key === 'q') {
      ret.quality = parseFloat(value);
    } else {
      ret.params[key] = value;
    }

    index = endIndex + 1;
  }

  return ret;
}",javascript,1,0.18,69353
"function compileQueryParser(val) {
  var fn;

  if (typeof val === 'function') {
    return val;
  }

  switch (val) {
    case true:
    case 'simple':
      fn = querystring.parse;
      break;
    case false:
      break;
    case 'extended':
      fn = parseExtendedQueryString;
      break;
    default:
      throw new TypeError('unknown value for query parser function: ' + val);
  }

  return fn;
}",javascript,0,0.14,69353
"function setCharset(type, charset) {
  if (!type || !charset) {
    return type;
  }

  // parse type
  var parsed = contentType.parse(type);

  // set charset
  parsed.parameters.charset = charset;

  // format type
  return contentType.format(parsed);
}",javascript,0,0.1,69353
"function apply(func, thisArg, args) {
    switch (args.length) {
      case 0: return func.call(thisArg);
      case 1: return func.call(thisArg, args[0]);
      case 2: return func.call(thisArg, args[0], args[1]);
      case 3: return func.call(thisArg, args[0], args[1], args[2]);
    }
    return func.apply(thisArg, args);
  }",javascript,0,0.2,61321
"function arrayAggregator(array, setter, iteratee, accumulator) {
    var index = -1,
        length = array == null ? 0 : array.length;

    while (++index < length) {
      var value = array[index];
      setter(accumulator, value, iteratee(value), array);
    }
    return accumulator;
  }",javascript,1,0.14,61321
"function arrayEach(array, iteratee) {
    var index = -1,
        length = array == null ? 0 : array.length;

    while (++index < length) {
      if (iteratee(array[index], index, array) === false) {
        break;
      }
    }
    return array;
  }",javascript,0,0.06,61321
"function createInputPseudo( type ) {
	return function( elem ) {
		return nodeName( elem, ""input"" ) && elem.type === type;
	};
}",javascript,1,0.16,59785
"function createButtonPseudo( type ) {
	return function( elem ) {
		return ( nodeName( elem, ""input"" ) || nodeName( elem, ""button"" ) ) &&
			elem.type === type;
	};
}",javascript,1,0.13,59785
"function createDisabledPseudo( disabled ) {

	// Known :disabled false positives: fieldset[disabled] > legend:nth-of-type(n+2) :can-disable
	return function( elem ) {

		// Only certain elements can match :enabled or :disabled
		// https://html.spec.whatwg.org/multipage/scripting.html#selector-enabled
		// https://html.spec.whatwg.org/multipage/scripting.html#selector-disabled
		if ( ""form"" in elem ) {

			// Check for inherited disabledness on relevant non-disabled elements:
			// * listed form-associated elements in a disabled fieldset
			//   https://html.spec.whatwg.org/multipage/forms.html#category-listed
			//   https://html.spec.whatwg.org/multipage/forms.html#concept-fe-disabled
			// * option elements in a disabled optgroup
			//   https://html.spec.whatwg.org/multipage/forms.html#concept-option-disabled
			// All such elements have a ""form"" property.
			if ( elem.parentNode && elem.disabled === false ) {

				// Option elements defer to a parent optgroup if present
				if ( ""label"" in elem ) {
					if ( ""label"" in elem.parentNode ) {
						return elem.parentNode.disabled === disabled;
					} else {
						return elem.disabled === disabled;
					}
				}

				// Support: IE 6 - 11+
				// Use the isDisabled shortcut property to check for disabled fieldset ancestors
				return elem.isDisabled === disabled ||

					// Where there is no isDisabled, check manually
					elem.isDisabled !== !disabled &&
						inDisabledFieldset( elem ) === disabled;
			}

			return elem.disabled === disabled;

		// Try to winnow out elements that can't be disabled before trusting the disabled property.
		// Some victims get caught in our net (label, legend, menu, track), but it shouldn't
		// even exist on them, let alone have a boolean value.
		} else if ( ""label"" in elem ) {
			return elem.disabled === disabled;
		}

		// Remaining elements are neither :enabled nor :disabled
		return false;
	};
}",javascript,1,0.23,59785
"function manipulationTarget( elem, content ) {
	if ( nodeName( elem, ""table"" ) &&
		nodeName( content.nodeType !== 11 ? content : content.firstChild, ""tr"" ) ) {

		return jQuery( elem ).children( ""tbody"" )[ 0 ] || elem;
	}

	return elem;
}",javascript,1,0.19,59785
"function cloneCopyEvent( src, dest ) {
	var type, i, l,
		events = dataPriv.get( src, ""events"" );

	if ( dest.nodeType !== 1 ) {
		return;
	}

	// 1. Copy private data: events, handlers, etc.
	if ( events ) {
		dataPriv.remove( dest, ""handle events"" );
		for ( type in events ) {
			for ( i = 0, l = events[ type ].length; i < l; i++ ) {
				jQuery.event.add( dest, type, events[ type ][ i ] );
			}
		}
	}

	// 2. Copy user data
	if ( dataUser.hasData( src ) ) {
		dataUser.set( dest, jQuery.extend( {}, dataUser.get( src ) ) );
	}
}",javascript,0,0.2,59785
"function remove( elem, selector, keepData ) {
	var node,
		nodes = selector ? jQuery.filter( selector, elem ) : elem,
		i = 0;

	for ( ; ( node = nodes[ i ] ) != null; i++ ) {
		if ( !keepData && node.nodeType === 1 ) {
			jQuery.cleanData( getAll( node ) );
		}

		if ( node.parentNode ) {
			if ( keepData && isAttached( node ) ) {
				setGlobalEval( getAll( node, ""script"" ) );
			}
			node.parentNode.removeChild( node );
		}
	}

	return elem;
}",javascript,1,0.12,59785
"function routeToRegExp(path, opts) {
  var keys = [];

  var pattern = path
    .replace(/([().])/g, '\\$1')
    .replace(/(\/)?:(\w+)(\*\?|[?*])?/g, function(_, slash, key, option) {
      var optional = option === '?' || option === '*?';
      var star = option === '*' || option === '*?';
      keys.push({name: key, optional: optional});
      slash = slash || '';
      return (
        (optional ? '(?:' + slash : slash + '(?:') +
        (star ? '(.+?)' : '([^/]+)') +
        (optional ? '?)?' : ')')
      );
    })
    .replace(/([/$*])/g, '\\$1');

  if (opts.ignoreTrailingSlashes) {
    pattern = pattern.replace(/\/+$/, '') + '/*';
  }

  return {
    keys: keys,
    regexp: new RegExp(
      '^' + pattern + '(?:[?#]|$)',
      opts.caseInsensitiveMatch ? 'i' : ''
    )
  };
}",javascript,0,0.0,58551
"var disableNgAnimate = function() {
      angular.module('disableNgAnimate', []).run(['$animate', function($animate) {
        $animate.enabled(false);
      }]);
    }",javascript,0,0.1,58551
"function serializeObject(obj, maxDepth) {
  var seen = [];

  // There is no direct way to stringify object until reaching a specific depth
  // and a very deep object can cause a performance issue, so we copy the object
  // based on this specific depth and then stringify it.
  if (isValidObjectMaxDepth(maxDepth)) {
    // This file is also included in `angular-loader`, so `copy()` might not always be available in
    // the closure. Therefore, it is lazily retrieved as `angular.copy()` when needed.
    obj = angular.copy(obj, null, maxDepth);
  }
  return JSON.stringify(obj, function(key, val) {
    val = toJsonReplacer(key, val);
    if (isObject(val)) {

      if (seen.indexOf(val) >= 0) return '...';

      seen.push(val);
    }
    return val;
  });
}",javascript,1,0.15,58551
"function cached(fn) {
      var cache = Object.create(null);
      return function (str) {
        var key = isPrimitive(str) ? str : JSON.stringify(str);
        var hit = cache[key];
        return hit || (cache[key] = fn(str))
      }
    }",javascript,1,0.28,57529
"function config () {
      var config = merge(
        {
          el: '#app',
          repo: '',
          maxLevel: 6,
          subMaxLevel: 0,
          loadSidebar: null,
          loadNavbar: null,
          homepage: 'README.md',
          coverpage: '',
          basePath: '',
          auto2top: false,
          name: '',
          themeColor: '',
          nameLink: window.location.pathname,
          autoHeader: false,
          executeScript: null,
          noEmoji: false,
          ga: '',
          ext: '.md',
          mergeNavbar: false,
          formatUpdated: '',
          externalLinkTarget: '_blank',
          routerMode: 'hash',
          noCompileLinks: [],
          relativePath: false
        },
        window.$docsify
      );
    
      var script =
        document.currentScript ||
        [].slice
          .call(document.getElementsByTagName('script'))
          .filter(function (n) { return /docsify\./.test(n.src); })[0];
    
      if (script) {
        for (var prop in config) {
          if (hasOwn.call(config, prop)) {
            var val = script.getAttribute('data-' + hyphenate(prop));
    
            if (isPrimitive(val)) {
              config[prop] = val === '' ? true : val;
            }
          }
        }
    
        if (config.loadSidebar === true) {
          config.loadSidebar = '_sidebar' + config.ext;
        }
        if (config.loadNavbar === true) {
          config.loadNavbar = '_navbar' + config.ext;
        }
        if (config.coverpage === true) {
          config.coverpage = '_coverpage' + config.ext;
        }
        if (config.repo === true) {
          config.repo = '';
        }
        if (config.name === true) {
          config.name = '';
        }
      }
    
      window.$docsify = config;
    
      return config
    }",javascript,0,0.04,57529
"function initLifecycle(vm) {
      var hooks = [
        'init',
        'mounted',
        'beforeEach',
        'afterEach',
        'doneEach',
        'ready'
      ];
    
      vm._hooks = {};
      vm._lifecycle = {};
      hooks.forEach(function (hook) {
        var arr = (vm._hooks[hook] = []);
        vm._lifecycle[hook] = function (fn) { return arr.push(fn); };
      });
    }",javascript,0,0.16,57529
"function withPlugins(
  fn,
  optionsArgumentIndex = 1, // Usually `options` is the 2nd argument
) {
  // Returns Promises to consistent with functions in `index.js`
  return async (...args) => {
    const options = args[optionsArgumentIndex] ?? {};
    const plugins = options.plugins ?? [];

    args[optionsArgumentIndex] = {
      ...options,
      plugins: Array.isArray(plugins) ? plugins : Object.values(plugins),
    };

    return await fn(...args);
  };
}",javascript,1,0.14,52196
"function format(text, options) {
  const { formatted } = await formatWithCursor(text, {
    ...options,
    cursorOffset: -1,
  });
  return formatted;
}",javascript,1,0.1,52196
"function parseKey(key) {
    if (_.isArray(key)) {
        key = key.join(':');
    }
    if (!_.isString(key)) {
        throw new TypeError('Argument `key` and `field` must be a pure string or string[].');
    }
    return key;
}",javascript,3,0.88,4
"function validateConfig(config, props) {
    if (!props.every(prop => !!config[prop])) {
        throw new TypeError('Argument `config` is invalid for missing prop(s).');
    }
    if (config.key) {
        config.key = parseKey(config.key);
    }
    if (config.field) {
        config.field = parseKey(config.field);
    }
}",javascript,2,0.92,4
"function addKoHooks() {
		ko.bindingHandlers.react = {
			init: function() {
				return { controlsDescendantBindings: true };
			},
			update: function(el, valueAccessor, allBindings) {
				var Component = ko.unwrap(valueAccessor());
				var props = ko.toJS(allBindings.get('props'));
				props.onChange = function(newValue) {
					if (props.value && ko.isObservable(props.value)) {
						props.value(newValue);
					}
				};
				ReactDOM.render(React.createElement(Component, props), el);
			}
		};
	}",javascript,2,0.75,4
"function composeReact(routeConfig, props) {
		var routeId = routeConfig.moduleId.replace(""/"","""");
		var insertionElement = $('#' + routeId)[0];
		if (!insertionElement) {
			$(""[data-view='"" + placeholderViewName + ""']"").replaceWith(""<div id='"" + routeId
				+ ""'></div>"");
			insertionElement = $('#' + routeId)[0];
		}
		// Get the actual component class by requiring it.
		var component = require(routeConfig.moduleId);
		ReactDOM.render(React.createElement(component, props), insertionElement);
	}",javascript,3,0.6,4
"function onActivatingCallback(instance, instruction, router) {
		if (!!instruction.config.react) {
			var props = this;
			var route = instruction.config.route;
			var routeParamRegex = /:\w*/g;
			instance.viewUrl = placeholderViewName;
			instance.activate = function() {
				// Any route params are passed in as individual arguments. Props, however,
				// need to be an object. But we also want to associate the correct route
				// params with the right props.
				var args = Array.prototype.slice.call(arguments);
				var routeParams = route.match(routeParamRegex);
				routeParams.forEach(function(param, index) {
					// remove the semicolon via substr to get the proper param name
					props[param.substr(1)] = args[index];
				});
			};
		}
	}",javascript,2,0.89,4
"var server = function(params, basePath){
    var configDefaults, config, runConfig, state, restifyServer, close, store, allowedMethods;

    configDefaults = [
        { name:'port', defaultVal: 8080 },
        { name:'logs', defaultVal: true },
        { name:'prefix', defaultVal: '' },
        { name:'path', defaultVal: '' },
        { name:'routes', defaultVal: [] }
    ];

    config = params || {};
    runConfig = {};
    state = {
        ready:false
    };
    restifyServer = null;
    close = function(cb) {
        var handler = closeHandler.bind(this);
        handler(cb);
    };
    store = null;
    allowedMethods = [
        'GET',
        'POST',
        'PATCH',
        'OPTIONS',
        'HEAD',
        'PUT',
        'DELETE'
    ];

    this.basePath = basePath;
    this.configDefaults = configDefaults;
    this.config = config;
    this.state = state;
    this.restifyServer = restifyServer;
    this.close = close;
    this.store = store;
    this.allowedMethods = allowedMethods;
}",javascript,3,0.92,4
"var readConfigFile = function(server, cb){
    return new Promise(function(resolve, reject){
        fs.readFile(server.config, ""utf-8"", function(err, data) {
            if(err) {
                return reject(err);
            }
            else if(typeof data === 'undefined') {
                return reject( new Error('No config file found at: '+server.config) );
            }
            resolve( JSON.parse(data.toString()) )
        });
    });
}",javascript,2,0.78,4
"var setDefaultConfig = function(server, cb){
    server.configDefaults.map(function(defaultProp) {
        server.config[defaultProp.name] = typeof server.config[defaultProp.name] !== 'undefined' ? server.config[defaultProp.name] : defaultProp.defaultVal;
    });
    cb(null);
}",javascript,3,0.8,4
"function packageFind(paths) {
  if (!paths) return null;

  for (var i = 0; i < paths.length; ++i){
    var dir = path.dirname(paths[i]);
    if (fs.existsSync(path.join(dir, 'package.json')))
      return dir;
  }

  return null;
}",javascript,2,0.81,4
"var logger = function(params){
  this.config = params || {
      enabled: true
    };
}",javascript,3,0.73,4
"var getNewID = function(json) {
            suiteGlobals.lastTodoID = json.nr;
            suiteGlobals.lastTodoTxt = todoTxt;
            return json
        }",javascript,2,0.73,4
"var navigation = function() {
    this.controller = function() {
        this.logout = function() {
            session.setKey(null);
            session.setName(null);
            m.route(""/login"")
        }
    }
    this.view = function(ctrl) {
        return [
            m.if(session.key,[
                m(""div[class='column column-50'][id='navbar']"",[
                    m(""a"", {href: '/todo',  text:""Todos"", config: m.route}),
                    m(""a"", {href: '/scaffold',  text:""Admin"", config: m.route}),
                    m(""a"", {href: '/logout', onclick: ctrl.logout, text:""Log Out"", config: m.route})
                ]),
                m(""div[class='column column-50']"", m(""h6"", ""Welcome back "" + session.name))
            ])
        ];
              
    }
}",javascript,3,0.67,4
"var todo = function() {
    var vm = new function() {
        this.list =  m.prop([]);
        this.row = {
            desc: m.prop("""")
        };
        this.validate = function() { return true; }
        this.clear = function() { this.row.desc(""""); }
    };

    this.controller = function() {
        new CrudController(""todo"", vm).call(this);
        this.done = function(val) {
            console.log(val);
        }
    }
    
    this.vm = vm;

    this.view = function(c) {
        return c.mount([
            m(""input[type='text'][placeholder='todo']"",{
                onkeypress: function(e) {
                    m.withAttr('value', vm.row.desc)(e);
                    if (e.keyCode == 13) {
                        c.add();
                    }
                },
                value: vm.row.desc()
            }),
            m(""button"", {onclick: c.add}, ""Add""),
            m(""table"", [
                vm.list().map(function(task, index) {
                    return m(""tr"", [
                        m(""td"", [
                            m(""input[type=checkbox]"", {checked: task.done(), onclick: m.withAttr(""checked"", function(val) { task.done(val?1:0); c.update(task); }) })
                        ]),
                        m(""td"", {style: {textDecoration: task.done() ? ""line-through"" : ""none""}}, task.desc()),
                        m(""td"", m(""input[type='button'][class='button button-small button-outline'][value='delete']"", {onclick: c.del.bind(task, task)})),
                    ]);
                })
            ]),
        ]);
    };
}",javascript,3,0.88,4
"var login = function() {
    var msg = m.prop(""Welcome, please log in below."");

    var vm = {
        username : m.prop(""""),
        password : m.prop("""")
    };

    this.vm = vm;
    this.msg = msg;

    this.controller = function() {
        this.login = function() {
            return xhr.post(""!user-auth"",vm).then(function(json) {
                if (json.session) {
                    session.setKey(json.session);
                    session.setName(vm.username());
                    m.route(""/todo"");
                }
                else {
                    msg(""invalid username / password"");
                    //console.log(msg());
                }
            });
        };
    };

    this.view = function(c) {
        return [
            m(""div"", msg()),
            m(""label"", ""username""),
            m(""input[type='text']"", { onchange: m.withAttr(""value"", vm.username) }),
            m(""label"", ""password""),
            m(""input[type='password']"", { onchange: m.withAttr(""value"", vm.password) }),
            m(""button"", { onclick: c.login }, ""Log In"")
        ];
    };
}",javascript,2,0.53,4
"var scaffoldEntityToShort = function(entity) {
    if (entity[0] == '+') {
        entity = entity.slice(1);
    }
    return entity.toLowerCase();
}",javascript,2,0.81,4
"var ScaffoldList = function() {
     var vm = new function() {
         this.list =  m.prop([]);
     };

    this.controller = function() {
        new CrudController(""scaffold-entities"", vm).call(this);
    };

    this.view = function(c) {
        return c.mount([
            m(""h1"", ""Entities""),
            m(""ol"",[
                vm.list().map(function(entity) {
                    return m(""li"", [
                        m(""a"", { href: ""/scaffold/"" + entity, text: entity, config: m.route })
                    ]);
                })
             ])
        ]);
    };
}",javascript,3,0.59,4
"var ScaffoldTableController = function(entity, resource, vm, options, id) {
    return function() {
        var self = this;
        
        vm.list =  m.deferred();
        vm.cols = m.prop([]);
        vm.table = m.prop(entity);
        vm.rows = m.prop([]);
        vm.definition = m.prop([]);
        vm.links = {};
        
        this.beforeRefresh = function() {
            vm.row = null; //clear out the current row
            vm.list = m.deferred();
            vm.list.promise.then(function(resp) {
                var table = m.route.param(""table"");
                var rawCols = resp.json.definition.map(function(x) { return x.split(/[\s\+]/).splice(1); });
                var tableCols = rawCols.filter(function(x) { return ('+' + x[0]) == table; });
                vm.cols([""nr""].concat(tableCols.map(function(x) { return x[1]; })));
                vm.definition([[""nr"", ""Disabled""]].concat(tableCols.map(function(x) { return x.splice(1); })));
                vm.rows(resp.list);
                //editing/adding and no row found, create vm
                if (resp.list.length == 0) {
                    var row = {};
                    vm.cols().forEach(function(x) {
                        row[x] = m.prop("""");
                    });
                    vm.row = row;
                }

                //picklists
                vm.links = resp.json.links;
            });

        };
        new CrudController(resource, vm, options).call(this);
    };
}",javascript,2,0.51,4
"var serializer = function(data) {
        var globals = {}

        var postData = {}; //JSON.parse(JSON.stringify(data));
        //move params that start with * to globals
        Object.keys(data).forEach(function(x) {
            if (x[0] == '*') {
                globals[x] = data[x];
            }
            else if (!x.endsWith('-gui')) { //gui only
                postData[x] = data[x];
            }
        });
        var json = JSON.stringify(postData);
        console.log(json);
        if (DEBUG) { console.log({session: session.key, json: json }) }
        var postData = '*Data=' + encodeURIComponent(json);
        if (session.key) {
            postData = postData + '&*Session=' + session.key;
        }
        Object.keys(globals).forEach(function(x) {
            postData = postData + '&' + x + '=' + encodeURIComponent(globals[x]);
        });
        return postData;
    }",javascript,2,0.79,4
"var CrudController = function(entity, vm, options) {
    return function() {
        var self = this;

        //only call initial refresh after element has been added to dom to prevent infinite loop
        this.mount = function(el) {
            return m(""div"", {
                id: entity, 
                config: function(el, isInit, context) {
                    if (!isInit) {
                        self.refresh();
                    }
                }
            }, el);
        }



        this.refresh = function() {
            if (this.beforeRefresh) { this.beforeRefresh(); }
            var params = options && options.postParams ? options.postParams : {}
            return xhr.post(""!"" + entity + ""-list-json"", params).then(xhr.listToProp(vm.list, entity))
        }
        
        this.add = function() {
            if (vm.validate()) {
                return xhr.post(""!"" + entity + ""-add-json"", vm.row)
                    .then(function(json) {
                        vm.clear();
                        self.refresh();
                        return json; //return for next in chain
                    });
            }
        };
        this.update = function(row) {
            return xhr.post(""!"" + entity +""-update-json"", row).then(self.refresh);
        }
        this.del = function(row) {
            return xhr.post(""!"" + entity +""-del-json"", row).then(self.refresh);
        };

        //this.refresh();
    };
}",javascript,2,0.52,4
"function birl() {
  ipod.play();
  ipod.on('playing', function () {
    return ipod.stop();
  });
}",javascript,2,0.85,4
"function render() {
    if (!ctrl.data) { return; }

    data = ctrl.data;
    panel = ctrl.panel;

    if (setElementHeight()) {
      addSunburst();
    }
  }",javascript,3,0.99,4
"function setElementHeight() {
    try {
      var height = ctrl.height || panel.height || ctrl.row.height;
      if (_.isString(height)) {
        height = parseInt(height.replace('px', ''), 10);
      }

      height -= 5; // padding
      height -= panel.title ? 24 : 9; // subtract panel title bar

      elem.css('height', height + 'px');

      return true;
    } catch(e) { // IE throws errors sometimes
      return false;
    }
  }",javascript,2,0.94,4
"function prepareTooltip(d, position) {
      var tableRows = { ancectors: [], node: [], children: [] };
      var linkParams = [];
      var tooltipHref = panel.linkTemplate;
      var totalValue = d.value;

      // d's ancectors
      var ancectors = getAncestors(d);
      var i = 0;
      if (ancectors.length > 0) {
        if (ancectors[topDepth]) {
          totalValue = ancectors[topDepth].value;
        }

        _.each(ancectors, function(node) {
          tableRows.ancectors.push(
            tooltipLine(node, (topDepth <= node.depth) ? totalValue : null)
          );

          if (panel.linkTemplate) {
            tooltipHref = tooltipHref.replace('\$' + String(i++), node.key);
          }
        });
      }

      // d itself
      tableRows.node.push(tooltipLine(d, totalValue));
      if (panel.linkTemplate) {
        tooltipHref = tooltipHref.replace('\$' + String(i), d.key);
      }

      // d's Children
      if (d.children && d.children.length > 0) {
        _.each(d.children, function(node, i) {
          tableRows.children.push(tooltipLine(node, totalValue));
        });
      }

      var rtn = {
        tableRows:   tableRows,
        tooltipHref: tooltipHref,
        position:    { x: position[0], y: position[1] }
      };
      return rtn;
    }",javascript,3,0.9,4
"function doRouter(r) {
	for (var k in r) {
		var data = Mock.mock(r[k]);
		(function (d) {
			app.get(k, function (req, res) {
				res.send(d);
			});
		})(data);
	}
}",javascript,3,0.84,4
"function addThisPrefix(exp, data) {	// 全局的表达式前加this
			return exp.replace(/\b(?:(\w+)([\w.\[\]]*))\b(?!['""])/g, function(x, prefix, other) {
				return (data[prefix] !== undefined ? 'this.' : '') + prefix + other;
			});
		}",javascript,2,0.71,4
"var bon = function() {
		
		// 自定义标签(<if></if>, <each></each>)
		var customTagsReg     	= /(?:<if\s+.*?>(?=[^<>]*<\/?\w)|<\/if>)|<\/?each[^>]*>/g;
		
		// 获取if标签属性
		var ifAttributeReg		= /<if\s+(.*)>/g;
		
		// 获取each标签属性
		var eachAttributeReg	= /<each\s+([\w.]+)\=['""]?(\w+)['""]?(?:\s+([\w.]+)\=['""]?(\w+)['""]?)*\s*>/g;
		
		var cache = {};
		var fieldFn = {};
		
		var isIE8 = typeof window !== 'undefined' && /msie 8\.0/i.test(window.navigator.userAgent.toLowerCase());
		
		var symbol = '3F2D04E0-4F8U-11D3-9A0C-0A05E82C33W1';
		
		function addThisPrefix(exp, data) {	// 全局的表达式前加this
			return exp.replace(/\b(?:(\w+)([\w.\[\]]*))\b(?!['""])/g, function(x, prefix, other) {
				return (data[prefix] !== undefined ? 'this.' : '') + prefix + other;
			});
		}

		return {
			render: function(rawHtml, data) {
				cache[rawHtml] || this.complier(rawHtml, data);
				return cache[rawHtml].call(data);
			},
			complier: function(rawHtml, data) {
				
				var html = rawHtml.replace(/\s*\n\s*/g, '');//.replace(/'/g, '\\\'');
				
				//html.split(customTagsReg) 在ie8下会把匹配出来的空字符串给吞掉，故采用此方法兼容
				var htmlTags 	= isIE8 ? html.replace(customTagsReg, symbol).split(symbol) : html.split(customTagsReg);	// html标签 
				var customTags 	= html.match(customTagsReg);	// 自定义标签（<each><if>）
				
				var len = Math.max(htmlTags ? htmlTags.length : 0, customTags ? customTags.length : 0);
			
				var statement = '';
				for(var i = 0; i < len; i ++) {
					if(htmlTags && htmlTags[i]) {
						var hTag = htmlTags[i];
						
						// 如果大括号的左右标记前带有反斜线, 则忽略此标记
						// js不支持逆向环视,故改用这种方式
						hTag = hTag.replace(/([^\\]|^){(.*?[^\\])(?:\:(\w+[^\\]))?}/g, function(x, other, expression, fn) {	// 取冒号前面的表达式（如果有冒号）

							expression = addThisPrefix(expression, data);
							return [other, ""' + "", (fieldFn[fn] || """"), ""("", expression, "") + '""].join('');
						});
						statement += ""compilerTpl += ('"" + hTag + ""'); \n"";
					}
					if(customTags && customTags[i]) {
						var cTag = customTags[i];
						cTag = cTag.replace(eachAttributeReg, function(x, arr, item, count, index) {
						
							arr = addThisPrefix(arr, data);
						
							var id 			= 'v_' + Math.random().toString(36).slice(2, 8);
							var arrVar 		= id + '_arr';
							var itemVar		= id + '_' + item + '_it';
							var indexVar	= index || (id + '_i');
							return 	'var ' + arrVar + ' = ' + arr + '; \n' + 
									(count === undefined ? '' : '	var ' + count + ' = ' + arrVar + '.length;\n') + 
									'for(var ' + indexVar + ' = 0; ' + indexVar + ' < ' + arrVar + '.length; ' + indexVar + ' ++) {\n' +
									'	var ' + item + ' = ' + arrVar + '[' + indexVar + '];\n';
						});
						
						cTag = cTag.replace(ifAttributeReg, function(x, ifExpression) {
							ifExpression = addThisPrefix(ifExpression, data);
							return 'if(' + ifExpression + ') {\n';
						}).replace(/<\/if>/g, '}\n').replace(/<\/each>/g, '}\n');
						
						statement += cTag;
					}
				}
				
				var statementHeader = 'var compilerTpl = """";\n';
				var statementFooter = 'return compilerTpl;\n';
				
				cache[rawHtml] = new Function(statementHeader + statement + statementFooter);
				statement = statementHeader = statementFooter = customTags = htmlTags = null;
			},
			addFun: function(fns) {
				for(var fnName in fns) {
					fieldFn[fnName] = fns[fnName];
				}
			}
		};
	}",javascript,2,0.56,4
"function standardizedError (type, options) {
  const error = new Error(`type: ${type}, message: ${ERROR_TYPES_HANDLERS[type](options)}`)
  error.type = type
  error.options = options
  return error
}",javascript,3,0.53,4
"function standardizedHttpError (error) {
  const resp = error.response || {}
  const { status, text } = resp
  throw standardizedError('http', { status, message: text || 'server internal error' })
}",javascript,3,0.51,4
"function handleApplicationErrors (checker) {
  return (res$) => res$.map((res) => {
    const options = checker(res)
    if (options) throw standardizedError('application', options)
    else return res
  })
}",javascript,3,0.53,4
"function main (componentName) {
  if (!componentName) throw new Error('component root must be specified')
  const normalizedCompName = componentName.toLowerCase()
  let component = rootMap[normalizedCompName]
  if (!component) {
    console.error(`No component match for ${componentName}, defaulting to Root`)
    component = rootMap.Root
  } else {
    console.info(`Component ${componentName} loading...`)
  }
  Cycle.run(component, {
    DOM: makeDOMDriver('#app'),
    HTTP: makeHTTPDriver()
  })
}",javascript,3,0.79,4
"function makeToggleButton (selector, ifTrue, ifFalse) {
  return (isOpen) => div(selector, { attrs: { class: 'button' } },
    isOpen ? makeInnerButton(ifTrue) : makeInnerButton(ifFalse)
  )
}",javascript,2,0.71,4
"function randomAmount(number) {
  if (typeof number === ""number"" && (number > 0)) {
    const list = [];

    for (let i = 0; i <= number; i++) {
      list.push(singleRandom())
    };

    return list;
  } else {
    return `Error parsing ${number}!`;
  }
}",javascript,2,0.62,4
"function startsWith(l) {
  if ((l.length >= 1) && (typeof l === ""string"")) {
    l = l.toLowerCase().trim();

    const results = [];
    // @todo: use forEach or for...in
    for (let i = 0; i <= babyNames.length; i++) {
      if (babyNames[i].startsWith(l)) {
        results.push(babyNames[i]);
      };
    };

  } else {
    return `Error parsing ${l}!`;
  }
}",javascript,2,0.56,4
"function sanitize(filename) {
    // clean filename
    // sanitize(' \t _124/=)(/&%$..jpg') -> '-_124_.jpg'
    return encodeURIComponent(
        filename
            .toLowerCase()
            .replace(/\s+/g, '-')
            // https://stackoverflow.com/a/11653019
            .replace(/\u00fc/g, 'ue')
            .replace(/\u00e4/g, 'ae')
            .replace(/\u00f6/g, 'oe')
            .replace(/\u00df/g, 'ss')
            .replace(/\.+/g, '.')
            .replace(/[^0-9A-Z\._-]+/gi, '_')
    );
}",javascript,2,0.64,4
"function FSStoreAdapter(options) {
    var files_directory = 'files';
    if (typeof(options) === 'object' && typeof(options.filesSubDirectory) === 'string') {
        files_directory = options.filesSubDirectory;
    }
    this._files_directory = files_directory;
    return this;
}",javascript,2,0.87,4
"function showHide(action, evt){
            xDebug.call(this, arguments.callee.name, arguments);
            // if element in the list is clicked (button losses focus)
            if ($.isPlainObject(evt) &&
                $(evt.relatedTarget).parent().hasClass(""dropdown-menu-item"")){
                return;
            }

            if($.type(action) !== ""string""){
                action = this.options.$listEl.is("":visible"") ? ""hide"" : ""show"";
            }

            calculatePosition.call(this);

            if(action === ""show"" && this.container.is(':visible') === false){
                this.isRendered = false;
                intervalFlag.call(
                    this, calculatePosition, ""isRendered"", 500
                );

                if(this.options.menuWidthAsBtn === ""Y"" && this.isSetMenuItemWidth === false){
                  this.container.css(""cssText"",""color:transparent !important;"");
                }

                this.container.slideDown(this.options.slideUpDown);
                this.container.focus();

                if(this.options.menuWidthAsBtn === ""Y"" && this.isSetMenuItemWidth === false){
                  intervalFlag.call(
                    this, menuItemWidth, ""isSetMenuItemWidth"", 500
                  );
                }
                triggerEvent.apply(this, [this.events[0], this]);
            }else if(action === ""hide"" && this.container.is(':visible') === true){
                this.container.slideUp(this.options.slideUpDown);
                triggerEvent.apply(this, [this.events[1], this]);
            }
        }",javascript,2,0.91,4
"var triggerEvent = function(evt, evtData) {
        xDebug.call(this, arguments.callee.name, arguments);
        this.options.$eleBtn.trigger(evt, [evtData]);
        $(this).trigger(evt + ""."" + this.apexname, [evtData]);
    }",javascript,2,0.9,4
"var replaceLink = function(){
        xDebug.call(this, arguments.callee.name, arguments);

        this.options.config.list =
        $.map(this.options.config.list, function(item){
            if (!item.value){
                item.value = ""javascript:void(0)"";
            }
            return item;
        })
    }",javascript,3,0.98,4
"const onError = function(error) {
  notifier.notify({
    'title': 'Error',
    'message': 'Compilation failure.'
  })

  console.log(error)
  this.emit('end')
}",javascript,3,0.64,4
"const sendMaps = function(req, res, next) {
  const filename = req.url.split('/').pop()
  const extension = filename.split('.').pop()

  if(extension === 'css' || extension === 'js') {
    res.setHeader('X-SourceMap', '/maps/' + filename + '.map')
  }

  return next()
}",javascript,3,0.61,4
"function auth(req, res, next) {
	const user = basicAuth(req);

	if ( ! user || ! user.name || ! user.pass) {
		return unauthorized(res);
	}

	if (user.name === 'admin' && user.pass === 'password') {
		return next();
	}
	else {
		return unauthorized(res);
	}
}",javascript,3,0.87,4
"function getIgnores(type) {
  return _.compact(_.concat(
    ignores.default,
    _.get(ignores, type)
  ))
}",javascript,2,0.8,4
"function getSources(type) {
  return _.compact(_.concat(
    _.get(sources, type),
    getIgnores(type)
  ))
}",javascript,2,0.76,4
"function watch(el, isMsgList){
        isMsgList = isMsgList || false;

        var observer = new MutationObserver(function(mutations) {
            mutations.forEach(function(mutation) {
                parseInput(mutation.addedNodes, isMsgList);
            });
        });

        observer.observe(el, {childList: true});
    }",javascript,3,0.93,4
"function checkForUpdates(){
        $.getJSON( checkUpdateURL, function( data ) {
            if(data.version > currentVersion) snackbar(""SOCVR Alert [Update] ""+data.version+"" - ""+data.summary+"". Click here to update"", function(){
                document.location = updateURL;
                $("".socvr-alert-snackbar"").html(""Click here to reload the page after updating"").off(""click"").on(""click"",function(){
                    document.location.reload();
                });
            });
            else {
                if(GM_getValue(""socvr-alert-version"") < currentVersion || GM_getValue(""socvr-alert-version"") === undefined){
                    dialog(""<p>""+data.summary+""</p><p><b>Changelog</b>:""+listify(data.changes)+""</p>"",""Updated SOCVR-Alert to Ver. ""+data.version);
                    GM_setValue(""socvr-alert-version"", currentVersion);
                }
            }
        });
    }",javascript,3,0.7,4
"function init(){

        var setUp = true;

        if (!(""Notification"" in window)) {
            setUp = false;
            snackbar(""Your browser sucks. Deal with it."", 5000);
        }
        else if (Notification.permission !== 'denied' && Notification.permission !== ""granted"") {
            Notification.requestPermission(function (permission) {
                if (permission === ""granted"") {
                    notify(""Why didn't you allow notifications sooner?"", ""You're welcome"", ""http://i.imgur.com/57QnIx1.jpg"",""https://www.youtube.com/watch?v=dQw4w9WgXcQ"");
                }
                else{
                    snackbar(""Y U NO ALLOW NOTIFICATIONS?!!!"", 5000);
                    setUp = false;
                }
            });
        }

        $(""<style></style>"").html(styles).appendTo(""body"");
        $(""body"").append(""<div class='socvr-alert-snackbar'></div>"").append(""<div class='socvr-alert-dialog'><div class='socvr-alert-dialog-back'></div><div class='socvr-alert-dialog-con'></div></div>"");

        $("".socvr-alert-dialog-back"").on(""click"",function(){
            $(this).siblings().removeClass(""active"").parent().fadeOut(function(){
                $(this).removeClass(""active"");
            });
        });

        checkForUpdates();

        try{
            if(setUp) watch(chat);
        } catch(e){
            snackbar(""[Error] ""+e.name + ': ' + e.message);
        }
    }",javascript,2,0.65,4
"function handleError (err) {
    if (err) {
        if (err.code === 'PROTOCOL_CONNECTION_LOST') {
            connect();
        } else {
            console.error(err.stack || err);
        }
    }
}",javascript,3,0.82,4
"function connect () {
    connection = mysql.createConnection({
        host    : options.storageConfig.host,
        user    : options.storageConfig.user,
        password: options.storageConfig.password,
        database: options.storageConfig.database
    });
    connection.connect(handleError);
    connection.on('error', handleError);
}",javascript,3,0.71,4
"var record_database = function(
        block_id, msg_sender, msg_value, contract_address, block_hash, log_index,
        transaction_hash, transaction_index, event_name, description
){

    var query = 'INSERT INTO contract_event ' +
        '(`block_id`, `msg_sender`, `msg_value`, `contract_address`, `block_hash`, `log_index`, `transaction_hash`, `transaction_index`, `event_name`, `description`, `datetime`)' +
        'VALUES (?,?,?,?,?, ?,?,?,?,?, now()); ';

    connection.query(
        query,
        [block_id, msg_sender, web3.toBigNumber(msg_value).toNumber(), contract_address, block_hash, log_index, transaction_hash, transaction_index, event_name, description]
    , function(err, rows, fields) {
        if (err) throw err;
    });

}",javascript,2,0.9,4
"function employee(first, last, age, eid, epass){
	this.first = first;
	this.last  = last;
	this.age   = age;
	this.eid   = eid;
	this.epass = epass;
}",javascript,3,0.92,4
"var validateUser = function(){
	var uname = document.getElementById('uname');
	if(uname.value == undefined || uname.value == null || uname.value == """")
	{
		uname.style.borderColor=""red"";
	}
	else
	{
		uname.style.borderColor=""green"";
	}

	
}",javascript,2,0.74,4
"var validatePass = function(){
	
	var upass = document.getElementById('upass');
	if(upass.value == undefined || upass.value == null || upass.value == """")
	{
		upass.style.borderColor=""red"";
	}
	else
	{
		upass.style.borderColor=""green"";
	}
}",javascript,2,0.55,4
"function sendQueueMessage(payload, callback) {
    var SQS = new AWS.SQS();

    var parameters = {
        MessageBody: JSON.stringify(payload),
        QueueUrl: sqsQueueUrl
    };

    SQS.sendMessage(parameters, callback);
}",javascript,2,0.55,4
